ItemCode,ItemName,ds,y,inventario
ACEI-EIFFEL-NORM-0001,ACEITE DE CAJA 80W90 API G-5 CUBETA EIFFEL,2025-04-01,1.0,27.0
ACEI-EIFFEL-NORM-0001,ACEITE DE CAJA 80W90 API G-5 CUBETA EIFFEL,2025-05-01,0.0,27.0
ACEI-EIFFEL-NORM-0001,ACEITE DE CAJA 80W90 API G-5 CUBETA EIFFEL,2025-06-01,0.0,27.0
ACEI-EIFFEL-NORM-0001,ACEITE DE CAJA 80W90 API G-5 CUBETA EIFFEL,2024-07-01,0.0,0.0
ACEI-EIFFEL-NORM-0001,ACEITE DE CAJA 80W90 API G-5 CUBETA EIFFEL,2024-08-01,0.0,0.0
ACEI-EIFFEL-NORM-0001,ACEITE DE CAJA 80W90 API G-5 CUBETA EIFFEL,2024-09-01,0.0,0.0
ACEI-EIFFEL-NORM-0001,ACEITE DE CAJA 80W90 API G-5 CUBETA EIFFEL,2024-10-01,0.0,0.0
ACEI-EIFFEL-NORM-0001,ACEITE DE CAJA 80W90 API G-5 CUBETA EIFFEL,2024-11-01,0.0,0.0
ACEI-EIFFEL-NORM-0001,ACEITE DE CAJA 80W90 API G-5 CUBETA EIFFEL,2024-12-01,0.0,0.0
ACEI-EIFFEL-NORM-0001,ACEITE DE CAJA 80W90 API G-5 CUBETA EIFFEL,2025-01-01,0.0,0.0
ACEI-EIFFEL-NORM-0001,ACEITE DE CAJA 80W90 API G-5 CUBETA EIFFEL,2025-02-01,0.0,28.0
ACEI-EIFFEL-NORM-0001,ACEITE DE CAJA 80W90 API G-5 CUBETA EIFFEL,2025-03-01,0.0,28.0
ACEI-EIFFEL-NORM-0002,ACEITE DE CAJA 80W90 1LT GL-5 EIFFEL,2025-04-01,13.0,1187.0
ACEI-EIFFEL-NORM-0002,ACEITE DE CAJA 80W90 1LT GL-5 EIFFEL,2025-05-01,167.0,1020.0
ACEI-EIFFEL-NORM-0002,ACEITE DE CAJA 80W90 1LT GL-5 EIFFEL,2025-06-01,0.0,1020.0
ACEI-EIFFEL-NORM-0002,ACEITE DE CAJA 80W90 1LT GL-5 EIFFEL,2024-07-01,0.0,0.0
ACEI-EIFFEL-NORM-0002,ACEITE DE CAJA 80W90 1LT GL-5 EIFFEL,2024-08-01,0.0,0.0
ACEI-EIFFEL-NORM-0002,ACEITE DE CAJA 80W90 1LT GL-5 EIFFEL,2024-09-01,0.0,0.0
ACEI-EIFFEL-NORM-0002,ACEITE DE CAJA 80W90 1LT GL-5 EIFFEL,2024-10-01,0.0,0.0
ACEI-EIFFEL-NORM-0002,ACEITE DE CAJA 80W90 1LT GL-5 EIFFEL,2024-11-01,0.0,0.0
ACEI-EIFFEL-NORM-0002,ACEITE DE CAJA 80W90 1LT GL-5 EIFFEL,2024-12-01,0.0,0.0
ACEI-EIFFEL-NORM-0002,ACEITE DE CAJA 80W90 1LT GL-5 EIFFEL,2025-01-01,0.0,0.0
ACEI-EIFFEL-NORM-0002,ACEITE DE CAJA 80W90 1LT GL-5 EIFFEL,2025-02-01,0.0,1200.0
ACEI-EIFFEL-NORM-0002,ACEITE DE CAJA 80W90 1LT GL-5 EIFFEL,2025-03-01,0.0,1200.0
ACEI-EIFFEL-NORM-0003,ACEITE DE CAJA  80W90 GL-5 GARRAFA  5 LTS EIFFEL,2025-04-01,10.0,134.0
ACEI-EIFFEL-NORM-0003,ACEITE DE CAJA  80W90 GL-5 GARRAFA  5 LTS EIFFEL,2025-05-01,0.0,134.0
ACEI-EIFFEL-NORM-0003,ACEITE DE CAJA  80W90 GL-5 GARRAFA  5 LTS EIFFEL,2025-06-01,0.0,134.0
ACEI-EIFFEL-NORM-0003,ACEITE DE CAJA  80W90 GL-5 GARRAFA  5 LTS EIFFEL,2024-07-01,0.0,0.0
ACEI-EIFFEL-NORM-0003,ACEITE DE CAJA  80W90 GL-5 GARRAFA  5 LTS EIFFEL,2024-08-01,0.0,0.0
ACEI-EIFFEL-NORM-0003,ACEITE DE CAJA  80W90 GL-5 GARRAFA  5 LTS EIFFEL,2024-09-01,0.0,0.0
ACEI-EIFFEL-NORM-0003,ACEITE DE CAJA  80W90 GL-5 GARRAFA  5 LTS EIFFEL,2024-10-01,0.0,0.0
ACEI-EIFFEL-NORM-0003,ACEITE DE CAJA  80W90 GL-5 GARRAFA  5 LTS EIFFEL,2024-11-01,0.0,0.0
ACEI-EIFFEL-NORM-0003,ACEITE DE CAJA  80W90 GL-5 GARRAFA  5 LTS EIFFEL,2024-12-01,0.0,0.0
ACEI-EIFFEL-NORM-0003,ACEITE DE CAJA  80W90 GL-5 GARRAFA  5 LTS EIFFEL,2025-01-01,0.0,0.0
ACEI-EIFFEL-NORM-0003,ACEITE DE CAJA  80W90 GL-5 GARRAFA  5 LTS EIFFEL,2025-02-01,0.0,144.0
ACEI-EIFFEL-NORM-0003,ACEITE DE CAJA  80W90 GL-5 GARRAFA  5 LTS EIFFEL,2025-03-01,0.0,144.0
ACEI-EIFFEL-NORM-0004,ACEITE DE CAJA 85W140  1 LT GL-5 EIFFEL,2025-04-01,25.0,1175.0
ACEI-EIFFEL-NORM-0004,ACEITE DE CAJA 85W140  1 LT GL-5 EIFFEL,2025-05-01,191.0,984.0
ACEI-EIFFEL-NORM-0004,ACEITE DE CAJA 85W140  1 LT GL-5 EIFFEL,2025-06-01,0.0,984.0
ACEI-EIFFEL-NORM-0004,ACEITE DE CAJA 85W140  1 LT GL-5 EIFFEL,2024-07-01,0.0,0.0
ACEI-EIFFEL-NORM-0004,ACEITE DE CAJA 85W140  1 LT GL-5 EIFFEL,2024-08-01,0.0,0.0
ACEI-EIFFEL-NORM-0004,ACEITE DE CAJA 85W140  1 LT GL-5 EIFFEL,2024-09-01,0.0,0.0
ACEI-EIFFEL-NORM-0004,ACEITE DE CAJA 85W140  1 LT GL-5 EIFFEL,2024-10-01,0.0,0.0
ACEI-EIFFEL-NORM-0004,ACEITE DE CAJA 85W140  1 LT GL-5 EIFFEL,2024-11-01,0.0,0.0
ACEI-EIFFEL-NORM-0004,ACEITE DE CAJA 85W140  1 LT GL-5 EIFFEL,2024-12-01,0.0,0.0
ACEI-EIFFEL-NORM-0004,ACEITE DE CAJA 85W140  1 LT GL-5 EIFFEL,2025-01-01,0.0,0.0
ACEI-EIFFEL-NORM-0004,ACEITE DE CAJA 85W140  1 LT GL-5 EIFFEL,2025-02-01,0.0,1200.0
ACEI-EIFFEL-NORM-0004,ACEITE DE CAJA 85W140  1 LT GL-5 EIFFEL,2025-03-01,0.0,1200.0
ACEI-EIFFEL-NORM-0005,ACEITE DE CAJA 85W140 CUBETA 20 LTS GL-5 EIFFEL,2025-04-01,1.0,27.0
ACEI-EIFFEL-NORM-0005,ACEITE DE CAJA 85W140 CUBETA 20 LTS GL-5 EIFFEL,2025-05-01,6.0,21.0
ACEI-EIFFEL-NORM-0005,ACEITE DE CAJA 85W140 CUBETA 20 LTS GL-5 EIFFEL,2025-06-01,0.0,21.0
ACEI-EIFFEL-NORM-0005,ACEITE DE CAJA 85W140 CUBETA 20 LTS GL-5 EIFFEL,2024-07-01,0.0,0.0
ACEI-EIFFEL-NORM-0005,ACEITE DE CAJA 85W140 CUBETA 20 LTS GL-5 EIFFEL,2024-08-01,0.0,0.0
ACEI-EIFFEL-NORM-0005,ACEITE DE CAJA 85W140 CUBETA 20 LTS GL-5 EIFFEL,2024-09-01,0.0,0.0
ACEI-EIFFEL-NORM-0005,ACEITE DE CAJA 85W140 CUBETA 20 LTS GL-5 EIFFEL,2024-10-01,0.0,0.0
ACEI-EIFFEL-NORM-0005,ACEITE DE CAJA 85W140 CUBETA 20 LTS GL-5 EIFFEL,2024-11-01,0.0,0.0
ACEI-EIFFEL-NORM-0005,ACEITE DE CAJA 85W140 CUBETA 20 LTS GL-5 EIFFEL,2024-12-01,0.0,0.0
ACEI-EIFFEL-NORM-0005,ACEITE DE CAJA 85W140 CUBETA 20 LTS GL-5 EIFFEL,2025-01-01,0.0,0.0
ACEI-EIFFEL-NORM-0005,ACEITE DE CAJA 85W140 CUBETA 20 LTS GL-5 EIFFEL,2025-02-01,0.0,28.0
ACEI-EIFFEL-NORM-0005,ACEITE DE CAJA 85W140 CUBETA 20 LTS GL-5 EIFFEL,2025-03-01,0.0,28.0
ACEI-EIFFEL-NORM-0006,ACEITE CAJA ATF DEX VI 1 LT EIFFEL,2025-04-01,7.0,593.0
ACEI-EIFFEL-NORM-0006,ACEITE CAJA ATF DEX VI 1 LT EIFFEL,2025-05-01,1.0,592.0
ACEI-EIFFEL-NORM-0006,ACEITE CAJA ATF DEX VI 1 LT EIFFEL,2025-06-01,0.0,592.0
ACEI-EIFFEL-NORM-0006,ACEITE CAJA ATF DEX VI 1 LT EIFFEL,2024-07-01,0.0,0.0
ACEI-EIFFEL-NORM-0006,ACEITE CAJA ATF DEX VI 1 LT EIFFEL,2024-08-01,0.0,0.0
ACEI-EIFFEL-NORM-0006,ACEITE CAJA ATF DEX VI 1 LT EIFFEL,2024-09-01,0.0,0.0
ACEI-EIFFEL-NORM-0006,ACEITE CAJA ATF DEX VI 1 LT EIFFEL,2024-10-01,0.0,0.0
ACEI-EIFFEL-NORM-0006,ACEITE CAJA ATF DEX VI 1 LT EIFFEL,2024-11-01,0.0,0.0
ACEI-EIFFEL-NORM-0006,ACEITE CAJA ATF DEX VI 1 LT EIFFEL,2024-12-01,0.0,0.0
ACEI-EIFFEL-NORM-0006,ACEITE CAJA ATF DEX VI 1 LT EIFFEL,2025-01-01,0.0,0.0
ACEI-EIFFEL-NORM-0006,ACEITE CAJA ATF DEX VI 1 LT EIFFEL,2025-02-01,0.0,600.0
ACEI-EIFFEL-NORM-0006,ACEITE CAJA ATF DEX VI 1 LT EIFFEL,2025-03-01,0.0,600.0
ACEI-EIFFEL-NORM-0007,ACEITE DE CAJA  ATF DEX III 1 LT EIFFEL,2025-04-01,37.0,1163.0
ACEI-EIFFEL-NORM-0007,ACEITE DE CAJA  ATF DEX III 1 LT EIFFEL,2025-05-01,84.0,1079.0
ACEI-EIFFEL-NORM-0007,ACEITE DE CAJA  ATF DEX III 1 LT EIFFEL,2025-06-01,0.0,1079.0
ACEI-EIFFEL-NORM-0007,ACEITE DE CAJA  ATF DEX III 1 LT EIFFEL,2024-07-01,0.0,0.0
ACEI-EIFFEL-NORM-0007,ACEITE DE CAJA  ATF DEX III 1 LT EIFFEL,2024-08-01,0.0,0.0
ACEI-EIFFEL-NORM-0007,ACEITE DE CAJA  ATF DEX III 1 LT EIFFEL,2024-09-01,0.0,0.0
ACEI-EIFFEL-NORM-0007,ACEITE DE CAJA  ATF DEX III 1 LT EIFFEL,2024-10-01,0.0,0.0
ACEI-EIFFEL-NORM-0007,ACEITE DE CAJA  ATF DEX III 1 LT EIFFEL,2024-11-01,0.0,0.0
ACEI-EIFFEL-NORM-0007,ACEITE DE CAJA  ATF DEX III 1 LT EIFFEL,2024-12-01,0.0,0.0
ACEI-EIFFEL-NORM-0007,ACEITE DE CAJA  ATF DEX III 1 LT EIFFEL,2025-01-01,0.0,0.0
ACEI-EIFFEL-NORM-0007,ACEITE DE CAJA  ATF DEX III 1 LT EIFFEL,2025-02-01,0.0,1200.0
ACEI-EIFFEL-NORM-0007,ACEITE DE CAJA  ATF DEX III 1 LT EIFFEL,2025-03-01,0.0,1200.0
ACEI-EIFFEL-NORM-0008,ACEITE DE CAJA ATF DEX III GARRAFA 5 LTS EIFFEL,2025-04-01,19.0,125.0
ACEI-EIFFEL-NORM-0008,ACEITE DE CAJA ATF DEX III GARRAFA 5 LTS EIFFEL,2025-05-01,47.0,78.0
ACEI-EIFFEL-NORM-0008,ACEITE DE CAJA ATF DEX III GARRAFA 5 LTS EIFFEL,2025-06-01,0.0,78.0
ACEI-EIFFEL-NORM-0008,ACEITE DE CAJA ATF DEX III GARRAFA 5 LTS EIFFEL,2024-07-01,0.0,0.0
ACEI-EIFFEL-NORM-0008,ACEITE DE CAJA ATF DEX III GARRAFA 5 LTS EIFFEL,2024-08-01,0.0,0.0
ACEI-EIFFEL-NORM-0008,ACEITE DE CAJA ATF DEX III GARRAFA 5 LTS EIFFEL,2024-09-01,0.0,0.0
ACEI-EIFFEL-NORM-0008,ACEITE DE CAJA ATF DEX III GARRAFA 5 LTS EIFFEL,2024-10-01,0.0,0.0
ACEI-EIFFEL-NORM-0008,ACEITE DE CAJA ATF DEX III GARRAFA 5 LTS EIFFEL,2024-11-01,0.0,0.0
ACEI-EIFFEL-NORM-0008,ACEITE DE CAJA ATF DEX III GARRAFA 5 LTS EIFFEL,2024-12-01,0.0,0.0
ACEI-EIFFEL-NORM-0008,ACEITE DE CAJA ATF DEX III GARRAFA 5 LTS EIFFEL,2025-01-01,0.0,0.0
ACEI-EIFFEL-NORM-0008,ACEITE DE CAJA ATF DEX III GARRAFA 5 LTS EIFFEL,2025-02-01,0.0,144.0
ACEI-EIFFEL-NORM-0008,ACEITE DE CAJA ATF DEX III GARRAFA 5 LTS EIFFEL,2025-03-01,0.0,144.0
ACEI-EIFFEL-NORM-0009,ACEITE HIDRAULICO 68 CUBETA EIFFEL (HYD AW 68),2025-04-01,0.0,50.0
ACEI-EIFFEL-NORM-0009,ACEITE HIDRAULICO 68 CUBETA EIFFEL (HYD AW 68),2025-05-01,0.0,50.0
ACEI-EIFFEL-NORM-0009,ACEITE HIDRAULICO 68 CUBETA EIFFEL (HYD AW 68),2025-06-01,0.0,50.0
ACEI-EIFFEL-NORM-0009,ACEITE HIDRAULICO 68 CUBETA EIFFEL (HYD AW 68),2024-07-01,0.0,0.0
ACEI-EIFFEL-NORM-0009,ACEITE HIDRAULICO 68 CUBETA EIFFEL (HYD AW 68),2024-08-01,0.0,0.0
ACEI-EIFFEL-NORM-0009,ACEITE HIDRAULICO 68 CUBETA EIFFEL (HYD AW 68),2024-09-01,0.0,0.0
ACEI-EIFFEL-NORM-0009,ACEITE HIDRAULICO 68 CUBETA EIFFEL (HYD AW 68),2024-10-01,0.0,0.0
ACEI-EIFFEL-NORM-0009,ACEITE HIDRAULICO 68 CUBETA EIFFEL (HYD AW 68),2024-11-01,0.0,0.0
ACEI-EIFFEL-NORM-0009,ACEITE HIDRAULICO 68 CUBETA EIFFEL (HYD AW 68),2024-12-01,0.0,0.0
ACEI-EIFFEL-NORM-0009,ACEITE HIDRAULICO 68 CUBETA EIFFEL (HYD AW 68),2025-01-01,0.0,0.0
ACEI-EIFFEL-NORM-0009,ACEITE HIDRAULICO 68 CUBETA EIFFEL (HYD AW 68),2025-02-01,0.0,50.0
ACEI-EIFFEL-NORM-0009,ACEITE HIDRAULICO 68 CUBETA EIFFEL (HYD AW 68),2025-03-01,0.0,50.0
ACEI-EIFFEL-SINT-0001,ACEITE 20W50 LTS GASOL.F/SINT/DURA MAX SILVER EIFFEL,2025-04-01,88.0,305.0
ACEI-EIFFEL-SINT-0001,ACEITE 20W50 LTS GASOL.F/SINT/DURA MAX SILVER EIFFEL,2025-05-01,132.0,173.0
ACEI-EIFFEL-SINT-0001,ACEITE 20W50 LTS GASOL.F/SINT/DURA MAX SILVER EIFFEL,2025-06-01,0.0,173.0
ACEI-EIFFEL-SINT-0001,ACEITE 20W50 LTS GASOL.F/SINT/DURA MAX SILVER EIFFEL,2024-07-01,0.0,586.0
ACEI-EIFFEL-SINT-0001,ACEITE 20W50 LTS GASOL.F/SINT/DURA MAX SILVER EIFFEL,2024-08-01,120.0,466.0
ACEI-EIFFEL-SINT-0001,ACEITE 20W50 LTS GASOL.F/SINT/DURA MAX SILVER EIFFEL,2024-09-01,0.0,467.0
ACEI-EIFFEL-SINT-0001,ACEITE 20W50 LTS GASOL.F/SINT/DURA MAX SILVER EIFFEL,2024-10-01,4.0,463.0
ACEI-EIFFEL-SINT-0001,ACEITE 20W50 LTS GASOL.F/SINT/DURA MAX SILVER EIFFEL,2024-11-01,0.0,463.0
ACEI-EIFFEL-SINT-0001,ACEITE 20W50 LTS GASOL.F/SINT/DURA MAX SILVER EIFFEL,2024-12-01,2.0,461.0
ACEI-EIFFEL-SINT-0001,ACEITE 20W50 LTS GASOL.F/SINT/DURA MAX SILVER EIFFEL,2025-01-01,37.0,424.0
ACEI-EIFFEL-SINT-0001,ACEITE 20W50 LTS GASOL.F/SINT/DURA MAX SILVER EIFFEL,2025-02-01,28.0,396.0
ACEI-EIFFEL-SINT-0001,ACEITE 20W50 LTS GASOL.F/SINT/DURA MAX SILVER EIFFEL,2025-03-01,0.0,396.0
ACEI-EIFFEL-SINT-0002,ACEITE 20W50 GARRAFA GASO.F/SINT.DURA MAX SILVER EIFFEL,2025-04-01,28.0,169.0
ACEI-EIFFEL-SINT-0002,ACEITE 20W50 GARRAFA GASO.F/SINT.DURA MAX SILVER EIFFEL,2025-05-01,45.0,124.0
ACEI-EIFFEL-SINT-0002,ACEITE 20W50 GARRAFA GASO.F/SINT.DURA MAX SILVER EIFFEL,2025-06-01,0.0,124.0
ACEI-EIFFEL-SINT-0002,ACEITE 20W50 GARRAFA GASO.F/SINT.DURA MAX SILVER EIFFEL,2024-07-01,-6.0,253.0
ACEI-EIFFEL-SINT-0002,ACEITE 20W50 GARRAFA GASO.F/SINT.DURA MAX SILVER EIFFEL,2024-08-01,19.0,234.0
ACEI-EIFFEL-SINT-0002,ACEITE 20W50 GARRAFA GASO.F/SINT.DURA MAX SILVER EIFFEL,2024-09-01,12.0,225.0
ACEI-EIFFEL-SINT-0002,ACEITE 20W50 GARRAFA GASO.F/SINT.DURA MAX SILVER EIFFEL,2024-10-01,0.0,225.0
ACEI-EIFFEL-SINT-0002,ACEITE 20W50 GARRAFA GASO.F/SINT.DURA MAX SILVER EIFFEL,2024-11-01,0.0,224.0
ACEI-EIFFEL-SINT-0002,ACEITE 20W50 GARRAFA GASO.F/SINT.DURA MAX SILVER EIFFEL,2024-12-01,7.0,217.0
ACEI-EIFFEL-SINT-0002,ACEITE 20W50 GARRAFA GASO.F/SINT.DURA MAX SILVER EIFFEL,2025-01-01,1.0,215.0
ACEI-EIFFEL-SINT-0002,ACEITE 20W50 GARRAFA GASO.F/SINT.DURA MAX SILVER EIFFEL,2025-02-01,3.0,212.0
ACEI-EIFFEL-SINT-0002,ACEITE 20W50 GARRAFA GASO.F/SINT.DURA MAX SILVER EIFFEL,2025-03-01,14.0,197.0
ACEI-EIFFEL-SINT-0005,ACEITE 15W40 LTS  DIESEL F/SINT/VISTA TITANIUM EIFFEL,2025-04-01,66.0,1412.0
ACEI-EIFFEL-SINT-0005,ACEITE 15W40 LTS  DIESEL F/SINT/VISTA TITANIUM EIFFEL,2025-05-01,110.0,1302.0
ACEI-EIFFEL-SINT-0005,ACEITE 15W40 LTS  DIESEL F/SINT/VISTA TITANIUM EIFFEL,2025-06-01,0.0,1302.0
ACEI-EIFFEL-SINT-0005,ACEITE 15W40 LTS  DIESEL F/SINT/VISTA TITANIUM EIFFEL,2024-07-01,24.0,1596.0
ACEI-EIFFEL-SINT-0005,ACEITE 15W40 LTS  DIESEL F/SINT/VISTA TITANIUM EIFFEL,2024-08-01,72.0,1524.0
ACEI-EIFFEL-SINT-0005,ACEITE 15W40 LTS  DIESEL F/SINT/VISTA TITANIUM EIFFEL,2024-09-01,24.0,1524.0
ACEI-EIFFEL-SINT-0005,ACEITE 15W40 LTS  DIESEL F/SINT/VISTA TITANIUM EIFFEL,2024-10-01,-83.0,1607.0
ACEI-EIFFEL-SINT-0005,ACEITE 15W40 LTS  DIESEL F/SINT/VISTA TITANIUM EIFFEL,2024-11-01,84.0,1523.0
ACEI-EIFFEL-SINT-0005,ACEITE 15W40 LTS  DIESEL F/SINT/VISTA TITANIUM EIFFEL,2024-12-01,37.0,1474.0
ACEI-EIFFEL-SINT-0005,ACEITE 15W40 LTS  DIESEL F/SINT/VISTA TITANIUM EIFFEL,2025-01-01,12.0,1474.0
ACEI-EIFFEL-SINT-0005,ACEITE 15W40 LTS  DIESEL F/SINT/VISTA TITANIUM EIFFEL,2025-02-01,-16.0,1490.0
ACEI-EIFFEL-SINT-0005,ACEITE 15W40 LTS  DIESEL F/SINT/VISTA TITANIUM EIFFEL,2025-03-01,0.0,1478.0
ACEI-EIFFEL-SINT-0008,ACEIE 20W50 LTS GASO. F/SINT/DURAMAX SUPREME EIFFEL,2025-04-01,61.0,266.0
ACEI-EIFFEL-SINT-0008,ACEIE 20W50 LTS GASO. F/SINT/DURAMAX SUPREME EIFFEL,2025-05-01,225.0,41.0
ACEI-EIFFEL-SINT-0008,ACEIE 20W50 LTS GASO. F/SINT/DURAMAX SUPREME EIFFEL,2025-06-01,0.0,41.0
ACEI-EIFFEL-SINT-0008,ACEIE 20W50 LTS GASO. F/SINT/DURAMAX SUPREME EIFFEL,2024-07-01,24.0,430.0
ACEI-EIFFEL-SINT-0008,ACEIE 20W50 LTS GASO. F/SINT/DURAMAX SUPREME EIFFEL,2024-08-01,36.0,394.0
ACEI-EIFFEL-SINT-0008,ACEIE 20W50 LTS GASO. F/SINT/DURAMAX SUPREME EIFFEL,2024-09-01,24.0,359.0
ACEI-EIFFEL-SINT-0008,ACEIE 20W50 LTS GASO. F/SINT/DURAMAX SUPREME EIFFEL,2024-10-01,-96.0,455.0
ACEI-EIFFEL-SINT-0008,ACEIE 20W50 LTS GASO. F/SINT/DURAMAX SUPREME EIFFEL,2024-11-01,24.0,427.0
ACEI-EIFFEL-SINT-0008,ACEIE 20W50 LTS GASO. F/SINT/DURAMAX SUPREME EIFFEL,2024-12-01,64.0,367.0
ACEI-EIFFEL-SINT-0008,ACEIE 20W50 LTS GASO. F/SINT/DURAMAX SUPREME EIFFEL,2025-01-01,0.0,355.0
ACEI-EIFFEL-SINT-0008,ACEIE 20W50 LTS GASO. F/SINT/DURAMAX SUPREME EIFFEL,2025-02-01,16.0,339.0
ACEI-EIFFEL-SINT-0008,ACEIE 20W50 LTS GASO. F/SINT/DURAMAX SUPREME EIFFEL,2025-03-01,12.0,327.0
ACEI-EIFFEL-SINT-0009,ACEITE 20W50 GARRAFA GASO. F/SINT/DURAMAX SUPREME EIFFEL,2025-04-01,8.0,207.0
ACEI-EIFFEL-SINT-0009,ACEITE 20W50 GARRAFA GASO. F/SINT/DURAMAX SUPREME EIFFEL,2025-05-01,66.0,141.0
ACEI-EIFFEL-SINT-0009,ACEITE 20W50 GARRAFA GASO. F/SINT/DURAMAX SUPREME EIFFEL,2025-06-01,0.0,141.0
ACEI-EIFFEL-SINT-0009,ACEITE 20W50 GARRAFA GASO. F/SINT/DURAMAX SUPREME EIFFEL,2024-07-01,30.0,208.0
ACEI-EIFFEL-SINT-0009,ACEITE 20W50 GARRAFA GASO. F/SINT/DURAMAX SUPREME EIFFEL,2024-08-01,12.0,196.0
ACEI-EIFFEL-SINT-0009,ACEITE 20W50 GARRAFA GASO. F/SINT/DURAMAX SUPREME EIFFEL,2024-09-01,0.0,193.0
ACEI-EIFFEL-SINT-0009,ACEITE 20W50 GARRAFA GASO. F/SINT/DURAMAX SUPREME EIFFEL,2024-10-01,-60.0,253.0
ACEI-EIFFEL-SINT-0009,ACEITE 20W50 GARRAFA GASO. F/SINT/DURAMAX SUPREME EIFFEL,2024-11-01,6.0,247.0
ACEI-EIFFEL-SINT-0009,ACEITE 20W50 GARRAFA GASO. F/SINT/DURAMAX SUPREME EIFFEL,2024-12-01,12.0,235.0
ACEI-EIFFEL-SINT-0009,ACEITE 20W50 GARRAFA GASO. F/SINT/DURAMAX SUPREME EIFFEL,2025-01-01,6.0,229.0
ACEI-EIFFEL-SINT-0009,ACEITE 20W50 GARRAFA GASO. F/SINT/DURAMAX SUPREME EIFFEL,2025-02-01,13.0,216.0
ACEI-EIFFEL-SINT-0009,ACEITE 20W50 GARRAFA GASO. F/SINT/DURAMAX SUPREME EIFFEL,2025-03-01,1.0,215.0
ACEI-EIFFEL-SINT-0011,ACEITE 5W30 LTS GASO. F/SINT/ OPERA ULTIMATE EIFFEL,2025-04-01,28.0,461.0
ACEI-EIFFEL-SINT-0011,ACEITE 5W30 LTS GASO. F/SINT/ OPERA ULTIMATE EIFFEL,2025-05-01,68.0,393.0
ACEI-EIFFEL-SINT-0011,ACEITE 5W30 LTS GASO. F/SINT/ OPERA ULTIMATE EIFFEL,2025-06-01,0.0,393.0
ACEI-EIFFEL-SINT-0011,ACEITE 5W30 LTS GASO. F/SINT/ OPERA ULTIMATE EIFFEL,2024-07-01,0.0,610.0
ACEI-EIFFEL-SINT-0011,ACEITE 5W30 LTS GASO. F/SINT/ OPERA ULTIMATE EIFFEL,2024-08-01,24.0,586.0
ACEI-EIFFEL-SINT-0011,ACEITE 5W30 LTS GASO. F/SINT/ OPERA ULTIMATE EIFFEL,2024-09-01,0.0,586.0
ACEI-EIFFEL-SINT-0011,ACEITE 5W30 LTS GASO. F/SINT/ OPERA ULTIMATE EIFFEL,2024-10-01,12.0,574.0
ACEI-EIFFEL-SINT-0011,ACEITE 5W30 LTS GASO. F/SINT/ OPERA ULTIMATE EIFFEL,2024-11-01,12.0,562.0
ACEI-EIFFEL-SINT-0011,ACEITE 5W30 LTS GASO. F/SINT/ OPERA ULTIMATE EIFFEL,2024-12-01,12.0,550.0
ACEI-EIFFEL-SINT-0011,ACEITE 5W30 LTS GASO. F/SINT/ OPERA ULTIMATE EIFFEL,2025-01-01,11.0,539.0
ACEI-EIFFEL-SINT-0011,ACEITE 5W30 LTS GASO. F/SINT/ OPERA ULTIMATE EIFFEL,2025-02-01,21.0,518.0
ACEI-EIFFEL-SINT-0011,ACEITE 5W30 LTS GASO. F/SINT/ OPERA ULTIMATE EIFFEL,2025-03-01,24.0,493.0
ACEI-EIFFEL-SINT-0012,ACEITE 10W30 LTS F/SINT/PRESTI ULTIMATE EIFFEL,2025-04-01,31.0,1578.0
ACEI-EIFFEL-SINT-0012,ACEITE 10W30 LTS F/SINT/PRESTI ULTIMATE EIFFEL,2025-05-01,12.0,1566.0
ACEI-EIFFEL-SINT-0012,ACEITE 10W30 LTS F/SINT/PRESTI ULTIMATE EIFFEL,2025-06-01,0.0,1566.0
ACEI-EIFFEL-SINT-0012,ACEITE 10W30 LTS F/SINT/PRESTI ULTIMATE EIFFEL,2024-07-01,12.0,1662.0
ACEI-EIFFEL-SINT-0012,ACEITE 10W30 LTS F/SINT/PRESTI ULTIMATE EIFFEL,2024-08-01,33.0,1634.0
ACEI-EIFFEL-SINT-0012,ACEITE 10W30 LTS F/SINT/PRESTI ULTIMATE EIFFEL,2024-09-01,0.0,1647.0
ACEI-EIFFEL-SINT-0012,ACEITE 10W30 LTS F/SINT/PRESTI ULTIMATE EIFFEL,2024-10-01,12.0,1635.0
ACEI-EIFFEL-SINT-0012,ACEITE 10W30 LTS F/SINT/PRESTI ULTIMATE EIFFEL,2024-11-01,0.0,1635.0
ACEI-EIFFEL-SINT-0012,ACEITE 10W30 LTS F/SINT/PRESTI ULTIMATE EIFFEL,2024-12-01,12.0,1621.0
ACEI-EIFFEL-SINT-0012,ACEITE 10W30 LTS F/SINT/PRESTI ULTIMATE EIFFEL,2025-01-01,0.0,1621.0
ACEI-EIFFEL-SINT-0012,ACEITE 10W30 LTS F/SINT/PRESTI ULTIMATE EIFFEL,2025-02-01,12.0,1609.0
ACEI-EIFFEL-SINT-0012,ACEITE 10W30 LTS F/SINT/PRESTI ULTIMATE EIFFEL,2025-03-01,0.0,1609.0
ACEI-EIFFEL-SINT-0013,ACEITE 10W30 GARRAFA GASO. F/SINT/PRESTI ULTIMATE EIFFEL,2025-04-01,32.0,218.0
ACEI-EIFFEL-SINT-0013,ACEITE 10W30 GARRAFA GASO. F/SINT/PRESTI ULTIMATE EIFFEL,2025-05-01,14.0,204.0
ACEI-EIFFEL-SINT-0013,ACEITE 10W30 GARRAFA GASO. F/SINT/PRESTI ULTIMATE EIFFEL,2025-06-01,0.0,204.0
ACEI-EIFFEL-SINT-0013,ACEITE 10W30 GARRAFA GASO. F/SINT/PRESTI ULTIMATE EIFFEL,2024-07-01,19.0,281.0
ACEI-EIFFEL-SINT-0013,ACEITE 10W30 GARRAFA GASO. F/SINT/PRESTI ULTIMATE EIFFEL,2024-08-01,9.0,272.0
ACEI-EIFFEL-SINT-0013,ACEITE 10W30 GARRAFA GASO. F/SINT/PRESTI ULTIMATE EIFFEL,2024-09-01,1.0,277.0
ACEI-EIFFEL-SINT-0013,ACEITE 10W30 GARRAFA GASO. F/SINT/PRESTI ULTIMATE EIFFEL,2024-10-01,2.0,275.0
ACEI-EIFFEL-SINT-0013,ACEITE 10W30 GARRAFA GASO. F/SINT/PRESTI ULTIMATE EIFFEL,2024-11-01,0.0,275.0
ACEI-EIFFEL-SINT-0013,ACEITE 10W30 GARRAFA GASO. F/SINT/PRESTI ULTIMATE EIFFEL,2024-12-01,16.0,259.0
ACEI-EIFFEL-SINT-0013,ACEITE 10W30 GARRAFA GASO. F/SINT/PRESTI ULTIMATE EIFFEL,2025-01-01,1.0,257.0
ACEI-EIFFEL-SINT-0013,ACEITE 10W30 GARRAFA GASO. F/SINT/PRESTI ULTIMATE EIFFEL,2025-02-01,1.0,256.0
ACEI-EIFFEL-SINT-0013,ACEITE 10W30 GARRAFA GASO. F/SINT/PRESTI ULTIMATE EIFFEL,2025-03-01,5.0,250.0
ACEI-EIFFEL-SINT-0014,ACEITE 5W20 LITS F/SINT/OPERA ULTIMATE EIFFEL,2025-04-01,20.0,402.0
ACEI-EIFFEL-SINT-0014,ACEITE 5W20 LITS F/SINT/OPERA ULTIMATE EIFFEL,2025-05-01,85.0,317.0
ACEI-EIFFEL-SINT-0014,ACEITE 5W20 LITS F/SINT/OPERA ULTIMATE EIFFEL,2025-06-01,0.0,317.0
ACEI-EIFFEL-SINT-0014,ACEITE 5W20 LITS F/SINT/OPERA ULTIMATE EIFFEL,2024-07-01,24.0,548.0
ACEI-EIFFEL-SINT-0014,ACEITE 5W20 LITS F/SINT/OPERA ULTIMATE EIFFEL,2024-08-01,24.0,524.0
ACEI-EIFFEL-SINT-0014,ACEITE 5W20 LITS F/SINT/OPERA ULTIMATE EIFFEL,2024-09-01,0.0,524.0
ACEI-EIFFEL-SINT-0014,ACEITE 5W20 LITS F/SINT/OPERA ULTIMATE EIFFEL,2024-10-01,17.0,507.0
ACEI-EIFFEL-SINT-0014,ACEITE 5W20 LITS F/SINT/OPERA ULTIMATE EIFFEL,2024-11-01,12.0,495.0
ACEI-EIFFEL-SINT-0014,ACEITE 5W20 LITS F/SINT/OPERA ULTIMATE EIFFEL,2024-12-01,18.0,476.0
ACEI-EIFFEL-SINT-0014,ACEITE 5W20 LITS F/SINT/OPERA ULTIMATE EIFFEL,2025-01-01,17.0,459.0
ACEI-EIFFEL-SINT-0014,ACEITE 5W20 LITS F/SINT/OPERA ULTIMATE EIFFEL,2025-02-01,9.0,450.0
ACEI-EIFFEL-SINT-0014,ACEITE 5W20 LITS F/SINT/OPERA ULTIMATE EIFFEL,2025-03-01,29.0,422.0
ACEI-EIFFEL-SINT-0015,ACEITE 5W40 LTS F/SINT/OPERA ULTIMATE EIFFEL,2025-04-01,8.0,596.0
ACEI-EIFFEL-SINT-0015,ACEITE 5W40 LTS F/SINT/OPERA ULTIMATE EIFFEL,2025-05-01,10.0,586.0
ACEI-EIFFEL-SINT-0015,ACEITE 5W40 LTS F/SINT/OPERA ULTIMATE EIFFEL,2025-06-01,0.0,586.0
ACEI-EIFFEL-SINT-0015,ACEITE 5W40 LTS F/SINT/OPERA ULTIMATE EIFFEL,2024-07-01,0.0,624.0
ACEI-EIFFEL-SINT-0015,ACEITE 5W40 LTS F/SINT/OPERA ULTIMATE EIFFEL,2024-08-01,24.0,600.0
ACEI-EIFFEL-SINT-0015,ACEITE 5W40 LTS F/SINT/OPERA ULTIMATE EIFFEL,2024-09-01,0.0,599.0
ACEI-EIFFEL-SINT-0015,ACEITE 5W40 LTS F/SINT/OPERA ULTIMATE EIFFEL,2024-10-01,0.0,599.0
ACEI-EIFFEL-SINT-0015,ACEITE 5W40 LTS F/SINT/OPERA ULTIMATE EIFFEL,2024-11-01,0.0,599.0
ACEI-EIFFEL-SINT-0015,ACEITE 5W40 LTS F/SINT/OPERA ULTIMATE EIFFEL,2024-12-01,0.0,599.0
ACEI-EIFFEL-SINT-0015,ACEITE 5W40 LTS F/SINT/OPERA ULTIMATE EIFFEL,2025-01-01,0.0,599.0
ACEI-EIFFEL-SINT-0015,ACEITE 5W40 LTS F/SINT/OPERA ULTIMATE EIFFEL,2025-02-01,-18.0,617.0
ACEI-EIFFEL-SINT-0015,ACEITE 5W40 LTS F/SINT/OPERA ULTIMATE EIFFEL,2025-03-01,13.0,604.0
ACEI-EIFFEL-SINT-0017,ACEITE SEA 50 1 LT DIESEL EIFFEL,2025-04-01,12.0,1188.0
ACEI-EIFFEL-SINT-0017,ACEITE SEA 50 1 LT DIESEL EIFFEL,2025-05-01,3.0,1185.0
ACEI-EIFFEL-SINT-0017,ACEITE SEA 50 1 LT DIESEL EIFFEL,2025-06-01,0.0,1185.0
ACEI-EIFFEL-SINT-0017,ACEITE SEA 50 1 LT DIESEL EIFFEL,2024-07-01,0.0,0.0
ACEI-EIFFEL-SINT-0017,ACEITE SEA 50 1 LT DIESEL EIFFEL,2024-08-01,0.0,0.0
ACEI-EIFFEL-SINT-0017,ACEITE SEA 50 1 LT DIESEL EIFFEL,2024-09-01,0.0,0.0
ACEI-EIFFEL-SINT-0017,ACEITE SEA 50 1 LT DIESEL EIFFEL,2024-10-01,0.0,0.0
ACEI-EIFFEL-SINT-0017,ACEITE SEA 50 1 LT DIESEL EIFFEL,2024-11-01,0.0,0.0
ACEI-EIFFEL-SINT-0017,ACEITE SEA 50 1 LT DIESEL EIFFEL,2024-12-01,0.0,0.0
ACEI-EIFFEL-SINT-0017,ACEITE SEA 50 1 LT DIESEL EIFFEL,2025-01-01,0.0,0.0
ACEI-EIFFEL-SINT-0017,ACEITE SEA 50 1 LT DIESEL EIFFEL,2025-02-01,0.0,1200.0
ACEI-EIFFEL-SINT-0017,ACEITE SEA 50 1 LT DIESEL EIFFEL,2025-03-01,0.0,1200.0
ACEI-EIFFEL-SINT-0018,ACEITE SAE 50 CUBETA DIESEL EIFFEL,2025-04-01,1.0,55.0
ACEI-EIFFEL-SINT-0018,ACEITE SAE 50 CUBETA DIESEL EIFFEL,2025-05-01,0.0,55.0
ACEI-EIFFEL-SINT-0018,ACEITE SAE 50 CUBETA DIESEL EIFFEL,2025-06-01,0.0,55.0
ACEI-EIFFEL-SINT-0018,ACEITE SAE 50 CUBETA DIESEL EIFFEL,2024-07-01,0.0,0.0
ACEI-EIFFEL-SINT-0018,ACEITE SAE 50 CUBETA DIESEL EIFFEL,2024-08-01,0.0,0.0
ACEI-EIFFEL-SINT-0018,ACEITE SAE 50 CUBETA DIESEL EIFFEL,2024-09-01,0.0,0.0
ACEI-EIFFEL-SINT-0018,ACEITE SAE 50 CUBETA DIESEL EIFFEL,2024-10-01,0.0,0.0
ACEI-EIFFEL-SINT-0018,ACEITE SAE 50 CUBETA DIESEL EIFFEL,2024-11-01,0.0,0.0
ACEI-EIFFEL-SINT-0018,ACEITE SAE 50 CUBETA DIESEL EIFFEL,2024-12-01,0.0,0.0
ACEI-EIFFEL-SINT-0018,ACEITE SAE 50 CUBETA DIESEL EIFFEL,2025-01-01,0.0,0.0
ACEI-EIFFEL-SINT-0018,ACEITE SAE 50 CUBETA DIESEL EIFFEL,2025-02-01,0.0,56.0
ACEI-EIFFEL-SINT-0018,ACEITE SAE 50 CUBETA DIESEL EIFFEL,2025-03-01,0.0,56.0
ACEI-EIFFEL-SINT-0019,ACEITE 15W40 BARRIL (210LTS) S/SINT/DIESEL EIFFEL,2025-04-01,1.0,7.0
ACEI-EIFFEL-SINT-0019,ACEITE 15W40 BARRIL (210LTS) S/SINT/DIESEL EIFFEL,2025-05-01,1.0,6.0
ACEI-EIFFEL-SINT-0019,ACEITE 15W40 BARRIL (210LTS) S/SINT/DIESEL EIFFEL,2025-06-01,0.0,6.0
ACEI-EIFFEL-SINT-0019,ACEITE 15W40 BARRIL (210LTS) S/SINT/DIESEL EIFFEL,2024-07-01,0.0,0.0
ACEI-EIFFEL-SINT-0019,ACEITE 15W40 BARRIL (210LTS) S/SINT/DIESEL EIFFEL,2024-08-01,0.0,0.0
ACEI-EIFFEL-SINT-0019,ACEITE 15W40 BARRIL (210LTS) S/SINT/DIESEL EIFFEL,2024-09-01,0.0,0.0
ACEI-EIFFEL-SINT-0019,ACEITE 15W40 BARRIL (210LTS) S/SINT/DIESEL EIFFEL,2024-10-01,0.0,0.0
ACEI-EIFFEL-SINT-0019,ACEITE 15W40 BARRIL (210LTS) S/SINT/DIESEL EIFFEL,2024-11-01,0.0,0.0
ACEI-EIFFEL-SINT-0019,ACEITE 15W40 BARRIL (210LTS) S/SINT/DIESEL EIFFEL,2024-12-01,0.0,0.0
ACEI-EIFFEL-SINT-0019,ACEITE 15W40 BARRIL (210LTS) S/SINT/DIESEL EIFFEL,2025-01-01,0.0,0.0
ACEI-EIFFEL-SINT-0019,ACEITE 15W40 BARRIL (210LTS) S/SINT/DIESEL EIFFEL,2025-02-01,0.0,8.0
ACEI-EIFFEL-SINT-0019,ACEITE 15W40 BARRIL (210LTS) S/SINT/DIESEL EIFFEL,2025-03-01,0.0,8.0
ACEI-EIFFEL-SINT-0020,ACEITE 20W50 CUBETA DURAMX SILVER EIFFEL,2025-04-01,1.0,27.0
ACEI-EIFFEL-SINT-0020,ACEITE 20W50 CUBETA DURAMX SILVER EIFFEL,2025-05-01,0.0,27.0
ACEI-EIFFEL-SINT-0020,ACEITE 20W50 CUBETA DURAMX SILVER EIFFEL,2025-06-01,0.0,27.0
ACEI-EIFFEL-SINT-0020,ACEITE 20W50 CUBETA DURAMX SILVER EIFFEL,2024-07-01,0.0,0.0
ACEI-EIFFEL-SINT-0020,ACEITE 20W50 CUBETA DURAMX SILVER EIFFEL,2024-08-01,0.0,0.0
ACEI-EIFFEL-SINT-0020,ACEITE 20W50 CUBETA DURAMX SILVER EIFFEL,2024-09-01,0.0,0.0
ACEI-EIFFEL-SINT-0020,ACEITE 20W50 CUBETA DURAMX SILVER EIFFEL,2024-10-01,0.0,0.0
ACEI-EIFFEL-SINT-0020,ACEITE 20W50 CUBETA DURAMX SILVER EIFFEL,2024-11-01,0.0,0.0
ACEI-EIFFEL-SINT-0020,ACEITE 20W50 CUBETA DURAMX SILVER EIFFEL,2024-12-01,0.0,0.0
ACEI-EIFFEL-SINT-0020,ACEITE 20W50 CUBETA DURAMX SILVER EIFFEL,2025-01-01,0.0,0.0
ACEI-EIFFEL-SINT-0020,ACEITE 20W50 CUBETA DURAMX SILVER EIFFEL,2025-02-01,0.0,28.0
ACEI-EIFFEL-SINT-0020,ACEITE 20W50 CUBETA DURAMX SILVER EIFFEL,2025-03-01,0.0,28.0
ACEI-EIFFEL-SINT-0021,ACEITE 20W50 BARRIL (210 LTS) PETROL  SL EIFFEL,2025-04-01,0.0,4.0
ACEI-EIFFEL-SINT-0021,ACEITE 20W50 BARRIL (210 LTS) PETROL  SL EIFFEL,2025-05-01,0.0,4.0
ACEI-EIFFEL-SINT-0021,ACEITE 20W50 BARRIL (210 LTS) PETROL  SL EIFFEL,2025-06-01,0.0,4.0
ACEI-EIFFEL-SINT-0021,ACEITE 20W50 BARRIL (210 LTS) PETROL  SL EIFFEL,2024-07-01,0.0,0.0
ACEI-EIFFEL-SINT-0021,ACEITE 20W50 BARRIL (210 LTS) PETROL  SL EIFFEL,2024-08-01,0.0,0.0
ACEI-EIFFEL-SINT-0021,ACEITE 20W50 BARRIL (210 LTS) PETROL  SL EIFFEL,2024-09-01,0.0,0.0
ACEI-EIFFEL-SINT-0021,ACEITE 20W50 BARRIL (210 LTS) PETROL  SL EIFFEL,2024-10-01,0.0,0.0
ACEI-EIFFEL-SINT-0021,ACEITE 20W50 BARRIL (210 LTS) PETROL  SL EIFFEL,2024-11-01,0.0,0.0
ACEI-EIFFEL-SINT-0021,ACEITE 20W50 BARRIL (210 LTS) PETROL  SL EIFFEL,2024-12-01,0.0,0.0
ACEI-EIFFEL-SINT-0021,ACEITE 20W50 BARRIL (210 LTS) PETROL  SL EIFFEL,2025-01-01,0.0,0.0
ACEI-EIFFEL-SINT-0021,ACEITE 20W50 BARRIL (210 LTS) PETROL  SL EIFFEL,2025-02-01,0.0,4.0
ACEI-EIFFEL-SINT-0021,ACEITE 20W50 BARRIL (210 LTS) PETROL  SL EIFFEL,2025-03-01,0.0,4.0
ACEI-EIFFEL-SINT-0022,ACEITE DE MOTO 20W50 4T 1 LT SL PETROL EIFFEL,2025-04-01,43.0,1325.0
ACEI-EIFFEL-SINT-0022,ACEITE DE MOTO 20W50 4T 1 LT SL PETROL EIFFEL,2025-05-01,61.0,1264.0
ACEI-EIFFEL-SINT-0022,ACEITE DE MOTO 20W50 4T 1 LT SL PETROL EIFFEL,2025-06-01,0.0,1264.0
ACEI-EIFFEL-SINT-0022,ACEITE DE MOTO 20W50 4T 1 LT SL PETROL EIFFEL,2024-07-01,0.0,0.0
ACEI-EIFFEL-SINT-0022,ACEITE DE MOTO 20W50 4T 1 LT SL PETROL EIFFEL,2024-08-01,0.0,0.0
ACEI-EIFFEL-SINT-0022,ACEITE DE MOTO 20W50 4T 1 LT SL PETROL EIFFEL,2024-09-01,0.0,0.0
ACEI-EIFFEL-SINT-0022,ACEITE DE MOTO 20W50 4T 1 LT SL PETROL EIFFEL,2024-10-01,0.0,0.0
ACEI-EIFFEL-SINT-0022,ACEITE DE MOTO 20W50 4T 1 LT SL PETROL EIFFEL,2024-11-01,0.0,0.0
ACEI-EIFFEL-SINT-0022,ACEITE DE MOTO 20W50 4T 1 LT SL PETROL EIFFEL,2024-12-01,0.0,0.0
ACEI-EIFFEL-SINT-0022,ACEITE DE MOTO 20W50 4T 1 LT SL PETROL EIFFEL,2025-01-01,0.0,0.0
ACEI-EIFFEL-SINT-0022,ACEITE DE MOTO 20W50 4T 1 LT SL PETROL EIFFEL,2025-02-01,0.0,1368.0
ACEI-EIFFEL-SINT-0022,ACEITE DE MOTO 20W50 4T 1 LT SL PETROL EIFFEL,2025-03-01,0.0,1368.0
ACEI-EIFFEL-SSINT-0003,ACEITE 10W30 LTS GASL.S/SINT/PRESTI SILVER EIFFEL,2025-04-01,25.0,494.0
ACEI-EIFFEL-SSINT-0003,ACEITE 10W30 LTS GASL.S/SINT/PRESTI SILVER EIFFEL,2025-05-01,60.0,434.0
ACEI-EIFFEL-SSINT-0003,ACEITE 10W30 LTS GASL.S/SINT/PRESTI SILVER EIFFEL,2025-06-01,0.0,434.0
ACEI-EIFFEL-SSINT-0003,ACEITE 10W30 LTS GASL.S/SINT/PRESTI SILVER EIFFEL,2024-07-01,24.0,588.0
ACEI-EIFFEL-SSINT-0003,ACEITE 10W30 LTS GASL.S/SINT/PRESTI SILVER EIFFEL,2024-08-01,36.0,552.0
ACEI-EIFFEL-SSINT-0003,ACEITE 10W30 LTS GASL.S/SINT/PRESTI SILVER EIFFEL,2024-09-01,0.0,540.0
ACEI-EIFFEL-SSINT-0003,ACEITE 10W30 LTS GASL.S/SINT/PRESTI SILVER EIFFEL,2024-10-01,13.0,527.0
ACEI-EIFFEL-SSINT-0003,ACEITE 10W30 LTS GASL.S/SINT/PRESTI SILVER EIFFEL,2024-11-01,13.0,514.0
ACEI-EIFFEL-SSINT-0003,ACEITE 10W30 LTS GASL.S/SINT/PRESTI SILVER EIFFEL,2024-12-01,0.0,523.0
ACEI-EIFFEL-SSINT-0003,ACEITE 10W30 LTS GASL.S/SINT/PRESTI SILVER EIFFEL,2025-01-01,4.0,519.0
ACEI-EIFFEL-SSINT-0003,ACEITE 10W30 LTS GASL.S/SINT/PRESTI SILVER EIFFEL,2025-02-01,0.0,519.0
ACEI-EIFFEL-SSINT-0003,ACEITE 10W30 LTS GASL.S/SINT/PRESTI SILVER EIFFEL,2025-03-01,12.0,519.0
ACEI-EIFFEL-SSINT-0004,ACEITE 10W30 GARRAFA GASO. S/SINT/PRESTI SILVER EIFFEL API SP,2025-04-01,9.0,249.0
ACEI-EIFFEL-SSINT-0004,ACEITE 10W30 GARRAFA GASO. S/SINT/PRESTI SILVER EIFFEL API SP,2025-05-01,50.0,199.0
ACEI-EIFFEL-SSINT-0004,ACEITE 10W30 GARRAFA GASO. S/SINT/PRESTI SILVER EIFFEL API SP,2025-06-01,0.0,199.0
ACEI-EIFFEL-SSINT-0004,ACEITE 10W30 GARRAFA GASO. S/SINT/PRESTI SILVER EIFFEL API SP,2024-07-01,0.0,300.0
ACEI-EIFFEL-SSINT-0004,ACEITE 10W30 GARRAFA GASO. S/SINT/PRESTI SILVER EIFFEL API SP,2024-08-01,18.0,282.0
ACEI-EIFFEL-SSINT-0004,ACEITE 10W30 GARRAFA GASO. S/SINT/PRESTI SILVER EIFFEL API SP,2024-09-01,0.0,280.0
ACEI-EIFFEL-SSINT-0004,ACEITE 10W30 GARRAFA GASO. S/SINT/PRESTI SILVER EIFFEL API SP,2024-10-01,0.0,280.0
ACEI-EIFFEL-SSINT-0004,ACEITE 10W30 GARRAFA GASO. S/SINT/PRESTI SILVER EIFFEL API SP,2024-11-01,2.0,278.0
ACEI-EIFFEL-SSINT-0004,ACEITE 10W30 GARRAFA GASO. S/SINT/PRESTI SILVER EIFFEL API SP,2024-12-01,1.0,277.0
ACEI-EIFFEL-SSINT-0004,ACEITE 10W30 GARRAFA GASO. S/SINT/PRESTI SILVER EIFFEL API SP,2025-01-01,2.0,257.0
ACEI-EIFFEL-SSINT-0004,ACEITE 10W30 GARRAFA GASO. S/SINT/PRESTI SILVER EIFFEL API SP,2025-02-01,-2.0,259.0
ACEI-EIFFEL-SSINT-0004,ACEITE 10W30 GARRAFA GASO. S/SINT/PRESTI SILVER EIFFEL API SP,2025-03-01,2.0,258.0
ACEI-EIFFEL-SSINT-0006,ACEITE 15W40 GARRAFA DIESEL  S/SINT/VISTA TITANIUM EIFFEL,2025-04-01,25.0,358.0
ACEI-EIFFEL-SSINT-0006,ACEITE 15W40 GARRAFA DIESEL  S/SINT/VISTA TITANIUM EIFFEL,2025-05-01,43.0,315.0
ACEI-EIFFEL-SSINT-0006,ACEITE 15W40 GARRAFA DIESEL  S/SINT/VISTA TITANIUM EIFFEL,2025-06-01,0.0,315.0
ACEI-EIFFEL-SSINT-0006,ACEITE 15W40 GARRAFA DIESEL  S/SINT/VISTA TITANIUM EIFFEL,2024-07-01,12.0,192.0
ACEI-EIFFEL-SSINT-0006,ACEITE 15W40 GARRAFA DIESEL  S/SINT/VISTA TITANIUM EIFFEL,2024-08-01,66.0,126.0
ACEI-EIFFEL-SSINT-0006,ACEITE 15W40 GARRAFA DIESEL  S/SINT/VISTA TITANIUM EIFFEL,2024-09-01,0.0,119.0
ACEI-EIFFEL-SSINT-0006,ACEITE 15W40 GARRAFA DIESEL  S/SINT/VISTA TITANIUM EIFFEL,2024-10-01,-54.0,173.0
ACEI-EIFFEL-SSINT-0006,ACEITE 15W40 GARRAFA DIESEL  S/SINT/VISTA TITANIUM EIFFEL,2024-11-01,42.0,131.0
ACEI-EIFFEL-SSINT-0006,ACEITE 15W40 GARRAFA DIESEL  S/SINT/VISTA TITANIUM EIFFEL,2024-12-01,24.0,107.0
ACEI-EIFFEL-SSINT-0006,ACEITE 15W40 GARRAFA DIESEL  S/SINT/VISTA TITANIUM EIFFEL,2025-01-01,0.0,107.0
ACEI-EIFFEL-SSINT-0006,ACEITE 15W40 GARRAFA DIESEL  S/SINT/VISTA TITANIUM EIFFEL,2025-02-01,0.0,395.0
ACEI-EIFFEL-SSINT-0006,ACEITE 15W40 GARRAFA DIESEL  S/SINT/VISTA TITANIUM EIFFEL,2025-03-01,12.0,383.0
ACEI-EIFFEL-SSINT-0010,ACEITE 15W40 CUBETA DIESEL S/SINT/VISTA TIANIUM EIFFEL,2025-04-01,2.0,248.0
ACEI-EIFFEL-SSINT-0010,ACEITE 15W40 CUBETA DIESEL S/SINT/VISTA TIANIUM EIFFEL,2025-05-01,1.0,247.0
ACEI-EIFFEL-SSINT-0010,ACEITE 15W40 CUBETA DIESEL S/SINT/VISTA TIANIUM EIFFEL,2025-06-01,0.0,247.0
ACEI-EIFFEL-SSINT-0010,ACEITE 15W40 CUBETA DIESEL S/SINT/VISTA TIANIUM EIFFEL,2024-07-01,12.0,23.0
ACEI-EIFFEL-SSINT-0010,ACEITE 15W40 CUBETA DIESEL S/SINT/VISTA TIANIUM EIFFEL,2024-08-01,23.0,0.0
ACEI-EIFFEL-SSINT-0010,ACEITE 15W40 CUBETA DIESEL S/SINT/VISTA TIANIUM EIFFEL,2024-09-01,0.0,0.0
ACEI-EIFFEL-SSINT-0010,ACEITE 15W40 CUBETA DIESEL S/SINT/VISTA TIANIUM EIFFEL,2024-10-01,0.0,0.0
ACEI-EIFFEL-SSINT-0010,ACEITE 15W40 CUBETA DIESEL S/SINT/VISTA TIANIUM EIFFEL,2024-11-01,0.0,0.0
ACEI-EIFFEL-SSINT-0010,ACEITE 15W40 CUBETA DIESEL S/SINT/VISTA TIANIUM EIFFEL,2024-12-01,0.0,0.0
ACEI-EIFFEL-SSINT-0010,ACEITE 15W40 CUBETA DIESEL S/SINT/VISTA TIANIUM EIFFEL,2025-01-01,0.0,0.0
ACEI-EIFFEL-SSINT-0010,ACEITE 15W40 CUBETA DIESEL S/SINT/VISTA TIANIUM EIFFEL,2025-02-01,0.0,250.0
ACEI-EIFFEL-SSINT-0010,ACEITE 15W40 CUBETA DIESEL S/SINT/VISTA TIANIUM EIFFEL,2025-03-01,0.0,250.0
ACEI-EIFFEL-SSINT-0016,ACEITE 10W40 LTS GASO/DIESEL S/SINT/PRESTI ULTIMATE  EIFFEL,2025-04-01,1.0,544.0
ACEI-EIFFEL-SSINT-0016,ACEITE 10W40 LTS GASO/DIESEL S/SINT/PRESTI ULTIMATE  EIFFEL,2025-05-01,23.0,521.0
ACEI-EIFFEL-SSINT-0016,ACEITE 10W40 LTS GASO/DIESEL S/SINT/PRESTI ULTIMATE  EIFFEL,2025-06-01,0.0,521.0
ACEI-EIFFEL-SSINT-0016,ACEITE 10W40 LTS GASO/DIESEL S/SINT/PRESTI ULTIMATE  EIFFEL,2024-07-01,4.0,606.0
ACEI-EIFFEL-SSINT-0016,ACEITE 10W40 LTS GASO/DIESEL S/SINT/PRESTI ULTIMATE  EIFFEL,2024-08-01,72.0,534.0
ACEI-EIFFEL-SSINT-0016,ACEITE 10W40 LTS GASO/DIESEL S/SINT/PRESTI ULTIMATE  EIFFEL,2024-09-01,0.0,554.0
ACEI-EIFFEL-SSINT-0016,ACEITE 10W40 LTS GASO/DIESEL S/SINT/PRESTI ULTIMATE  EIFFEL,2024-10-01,0.0,554.0
ACEI-EIFFEL-SSINT-0016,ACEITE 10W40 LTS GASO/DIESEL S/SINT/PRESTI ULTIMATE  EIFFEL,2024-11-01,0.0,554.0
ACEI-EIFFEL-SSINT-0016,ACEITE 10W40 LTS GASO/DIESEL S/SINT/PRESTI ULTIMATE  EIFFEL,2024-12-01,5.0,549.0
ACEI-EIFFEL-SSINT-0016,ACEITE 10W40 LTS GASO/DIESEL S/SINT/PRESTI ULTIMATE  EIFFEL,2025-01-01,0.0,552.0
ACEI-EIFFEL-SSINT-0016,ACEITE 10W40 LTS GASO/DIESEL S/SINT/PRESTI ULTIMATE  EIFFEL,2025-02-01,-10.0,562.0
ACEI-EIFFEL-SSINT-0016,ACEITE 10W40 LTS GASO/DIESEL S/SINT/PRESTI ULTIMATE  EIFFEL,2025-03-01,17.0,545.0
ACEI-EUROL-ATF-0001,ACEITE ATF III MINERAL 5 LTS EUROL,2025-04-01,0.0,112.0
ACEI-EUROL-ATF-0001,ACEITE ATF III MINERAL 5 LTS EUROL,2025-05-01,1.0,111.0
ACEI-EUROL-ATF-0001,ACEITE ATF III MINERAL 5 LTS EUROL,2025-06-01,0.0,111.0
ACEI-EUROL-ATF-0001,ACEITE ATF III MINERAL 5 LTS EUROL,2024-07-01,0.0,0.0
ACEI-EUROL-ATF-0001,ACEITE ATF III MINERAL 5 LTS EUROL,2024-08-01,0.0,0.0
ACEI-EUROL-ATF-0001,ACEITE ATF III MINERAL 5 LTS EUROL,2024-09-01,0.0,120.0
ACEI-EUROL-ATF-0001,ACEITE ATF III MINERAL 5 LTS EUROL,2024-10-01,0.0,120.0
ACEI-EUROL-ATF-0001,ACEITE ATF III MINERAL 5 LTS EUROL,2024-11-01,4.0,116.0
ACEI-EUROL-ATF-0001,ACEITE ATF III MINERAL 5 LTS EUROL,2024-12-01,0.0,116.0
ACEI-EUROL-ATF-0001,ACEITE ATF III MINERAL 5 LTS EUROL,2025-01-01,0.0,116.0
ACEI-EUROL-ATF-0001,ACEITE ATF III MINERAL 5 LTS EUROL,2025-02-01,2.0,114.0
ACEI-EUROL-ATF-0001,ACEITE ATF III MINERAL 5 LTS EUROL,2025-03-01,2.0,112.0
ACEI-EUROL-ATF-0002,ACEITE ATF CVT 1304 FUL SINTETICO 5 LTS EUROL,2025-04-01,0.0,118.0
ACEI-EUROL-ATF-0002,ACEITE ATF CVT 1304 FUL SINTETICO 5 LTS EUROL,2025-05-01,0.0,118.0
ACEI-EUROL-ATF-0002,ACEITE ATF CVT 1304 FUL SINTETICO 5 LTS EUROL,2025-06-01,0.0,118.0
ACEI-EUROL-ATF-0002,ACEITE ATF CVT 1304 FUL SINTETICO 5 LTS EUROL,2024-07-01,0.0,0.0
ACEI-EUROL-ATF-0002,ACEITE ATF CVT 1304 FUL SINTETICO 5 LTS EUROL,2024-08-01,0.0,0.0
ACEI-EUROL-ATF-0002,ACEITE ATF CVT 1304 FUL SINTETICO 5 LTS EUROL,2024-09-01,0.0,120.0
ACEI-EUROL-ATF-0002,ACEITE ATF CVT 1304 FUL SINTETICO 5 LTS EUROL,2024-10-01,0.0,120.0
ACEI-EUROL-ATF-0002,ACEITE ATF CVT 1304 FUL SINTETICO 5 LTS EUROL,2024-11-01,0.0,120.0
ACEI-EUROL-ATF-0002,ACEITE ATF CVT 1304 FUL SINTETICO 5 LTS EUROL,2024-12-01,1.0,119.0
ACEI-EUROL-ATF-0002,ACEITE ATF CVT 1304 FUL SINTETICO 5 LTS EUROL,2025-01-01,0.0,119.0
ACEI-EUROL-ATF-0002,ACEITE ATF CVT 1304 FUL SINTETICO 5 LTS EUROL,2025-02-01,0.0,119.0
ACEI-EUROL-ATF-0002,ACEITE ATF CVT 1304 FUL SINTETICO 5 LTS EUROL,2025-03-01,1.0,118.0
ACEI-EUROL-ATF-0003,ACEITE TRANSMISION  80W90 HPG MINERAL 5 LTS EUROL,2025-04-01,2.0,115.0
ACEI-EUROL-ATF-0003,ACEITE TRANSMISION  80W90 HPG MINERAL 5 LTS EUROL,2025-05-01,2.0,113.0
ACEI-EUROL-ATF-0003,ACEITE TRANSMISION  80W90 HPG MINERAL 5 LTS EUROL,2025-06-01,0.0,113.0
ACEI-EUROL-ATF-0003,ACEITE TRANSMISION  80W90 HPG MINERAL 5 LTS EUROL,2024-07-01,0.0,0.0
ACEI-EUROL-ATF-0003,ACEITE TRANSMISION  80W90 HPG MINERAL 5 LTS EUROL,2024-08-01,0.0,0.0
ACEI-EUROL-ATF-0003,ACEITE TRANSMISION  80W90 HPG MINERAL 5 LTS EUROL,2024-09-01,0.0,120.0
ACEI-EUROL-ATF-0003,ACEITE TRANSMISION  80W90 HPG MINERAL 5 LTS EUROL,2024-10-01,0.0,120.0
ACEI-EUROL-ATF-0003,ACEITE TRANSMISION  80W90 HPG MINERAL 5 LTS EUROL,2024-11-01,0.0,120.0
ACEI-EUROL-ATF-0003,ACEITE TRANSMISION  80W90 HPG MINERAL 5 LTS EUROL,2024-12-01,0.0,120.0
ACEI-EUROL-ATF-0003,ACEITE TRANSMISION  80W90 HPG MINERAL 5 LTS EUROL,2025-01-01,0.0,120.0
ACEI-EUROL-ATF-0003,ACEITE TRANSMISION  80W90 HPG MINERAL 5 LTS EUROL,2025-02-01,0.0,120.0
ACEI-EUROL-ATF-0003,ACEITE TRANSMISION  80W90 HPG MINERAL 5 LTS EUROL,2025-03-01,3.0,117.0
ACEI-EUROL-ATF-0005,ACEITE ATF 1100 1 LT  F/SINTETICO  EUROL,2025-04-01,2.0,294.0
ACEI-EUROL-ATF-0005,ACEITE ATF 1100 1 LT  F/SINTETICO  EUROL,2025-05-01,2.0,292.0
ACEI-EUROL-ATF-0005,ACEITE ATF 1100 1 LT  F/SINTETICO  EUROL,2025-06-01,0.0,292.0
ACEI-EUROL-ATF-0005,ACEITE ATF 1100 1 LT  F/SINTETICO  EUROL,2024-07-01,0.0,0.0
ACEI-EUROL-ATF-0005,ACEITE ATF 1100 1 LT  F/SINTETICO  EUROL,2024-08-01,0.0,0.0
ACEI-EUROL-ATF-0005,ACEITE ATF 1100 1 LT  F/SINTETICO  EUROL,2024-09-01,0.0,312.0
ACEI-EUROL-ATF-0005,ACEITE ATF 1100 1 LT  F/SINTETICO  EUROL,2024-10-01,0.0,312.0
ACEI-EUROL-ATF-0005,ACEITE ATF 1100 1 LT  F/SINTETICO  EUROL,2024-11-01,1.0,311.0
ACEI-EUROL-ATF-0005,ACEITE ATF 1100 1 LT  F/SINTETICO  EUROL,2024-12-01,8.0,303.0
ACEI-EUROL-ATF-0005,ACEITE ATF 1100 1 LT  F/SINTETICO  EUROL,2025-01-01,5.0,298.0
ACEI-EUROL-ATF-0005,ACEITE ATF 1100 1 LT  F/SINTETICO  EUROL,2025-02-01,2.0,296.0
ACEI-EUROL-ATF-0005,ACEITE ATF 1100 1 LT  F/SINTETICO  EUROL,2025-03-01,0.0,296.0
ACEI-EUROL-ATF-0006,ACEITE TRANSMISION  80W90 HPG 1 LT MINERAL  EUROL,2025-04-01,12.0,560.0
ACEI-EUROL-ATF-0006,ACEITE TRANSMISION  80W90 HPG 1 LT MINERAL  EUROL,2025-05-01,3.0,556.0
ACEI-EUROL-ATF-0006,ACEITE TRANSMISION  80W90 HPG 1 LT MINERAL  EUROL,2025-06-01,0.0,556.0
ACEI-EUROL-ATF-0006,ACEITE TRANSMISION  80W90 HPG 1 LT MINERAL  EUROL,2024-07-01,0.0,0.0
ACEI-EUROL-ATF-0006,ACEITE TRANSMISION  80W90 HPG 1 LT MINERAL  EUROL,2024-08-01,0.0,0.0
ACEI-EUROL-ATF-0006,ACEITE TRANSMISION  80W90 HPG 1 LT MINERAL  EUROL,2024-09-01,0.0,624.0
ACEI-EUROL-ATF-0006,ACEITE TRANSMISION  80W90 HPG 1 LT MINERAL  EUROL,2024-10-01,0.0,624.0
ACEI-EUROL-ATF-0006,ACEITE TRANSMISION  80W90 HPG 1 LT MINERAL  EUROL,2024-11-01,4.0,620.0
ACEI-EUROL-ATF-0006,ACEITE TRANSMISION  80W90 HPG 1 LT MINERAL  EUROL,2024-12-01,21.0,599.0
ACEI-EUROL-ATF-0006,ACEITE TRANSMISION  80W90 HPG 1 LT MINERAL  EUROL,2025-01-01,1.0,598.0
ACEI-EUROL-ATF-0006,ACEITE TRANSMISION  80W90 HPG 1 LT MINERAL  EUROL,2025-02-01,11.0,587.0
ACEI-EUROL-ATF-0006,ACEITE TRANSMISION  80W90 HPG 1 LT MINERAL  EUROL,2025-03-01,9.0,578.0
ACEI-EUROL-ATF-0007,ACEITE 85W140 HPG EP CUBETA MINERAL EUROL,2025-04-01,0.0,22.0
ACEI-EUROL-ATF-0007,ACEITE 85W140 HPG EP CUBETA MINERAL EUROL,2025-05-01,1.0,21.0
ACEI-EUROL-ATF-0007,ACEITE 85W140 HPG EP CUBETA MINERAL EUROL,2025-06-01,0.0,21.0
ACEI-EUROL-ATF-0007,ACEITE 85W140 HPG EP CUBETA MINERAL EUROL,2024-07-01,0.0,0.0
ACEI-EUROL-ATF-0007,ACEITE 85W140 HPG EP CUBETA MINERAL EUROL,2024-08-01,0.0,0.0
ACEI-EUROL-ATF-0007,ACEITE 85W140 HPG EP CUBETA MINERAL EUROL,2024-09-01,0.0,22.0
ACEI-EUROL-ATF-0007,ACEITE 85W140 HPG EP CUBETA MINERAL EUROL,2024-10-01,0.0,22.0
ACEI-EUROL-ATF-0007,ACEITE 85W140 HPG EP CUBETA MINERAL EUROL,2024-11-01,0.0,22.0
ACEI-EUROL-ATF-0007,ACEITE 85W140 HPG EP CUBETA MINERAL EUROL,2024-12-01,0.0,22.0
ACEI-EUROL-ATF-0007,ACEITE 85W140 HPG EP CUBETA MINERAL EUROL,2025-01-01,0.0,22.0
ACEI-EUROL-ATF-0007,ACEITE 85W140 HPG EP CUBETA MINERAL EUROL,2025-02-01,0.0,22.0
ACEI-EUROL-ATF-0007,ACEITE 85W140 HPG EP CUBETA MINERAL EUROL,2025-03-01,0.0,22.0
ACEI-EUROL-ATF-0008,ACEITE ATF III CUBETA MINERAL EUROL,2025-04-01,0.0,22.0
ACEI-EUROL-ATF-0008,ACEITE ATF III CUBETA MINERAL EUROL,2025-05-01,0.0,22.0
ACEI-EUROL-ATF-0008,ACEITE ATF III CUBETA MINERAL EUROL,2025-06-01,0.0,22.0
ACEI-EUROL-ATF-0008,ACEITE ATF III CUBETA MINERAL EUROL,2024-07-01,0.0,0.0
ACEI-EUROL-ATF-0008,ACEITE ATF III CUBETA MINERAL EUROL,2024-08-01,0.0,0.0
ACEI-EUROL-ATF-0008,ACEITE ATF III CUBETA MINERAL EUROL,2024-09-01,0.0,22.0
ACEI-EUROL-ATF-0008,ACEITE ATF III CUBETA MINERAL EUROL,2024-10-01,0.0,22.0
ACEI-EUROL-ATF-0008,ACEITE ATF III CUBETA MINERAL EUROL,2024-11-01,0.0,22.0
ACEI-EUROL-ATF-0008,ACEITE ATF III CUBETA MINERAL EUROL,2024-12-01,0.0,22.0
ACEI-EUROL-ATF-0008,ACEITE ATF III CUBETA MINERAL EUROL,2025-01-01,0.0,22.0
ACEI-EUROL-ATF-0008,ACEITE ATF III CUBETA MINERAL EUROL,2025-02-01,0.0,22.0
ACEI-EUROL-ATF-0008,ACEITE ATF III CUBETA MINERAL EUROL,2025-03-01,0.0,22.0
ACEI-EUROL-ATF-0009,ACEITE HIDRAULICO ISO-VG68 CUBETA MINERAL EUROL,2025-04-01,0.0,6.0
ACEI-EUROL-ATF-0009,ACEITE HIDRAULICO ISO-VG68 CUBETA MINERAL EUROL,2025-05-01,0.0,6.0
ACEI-EUROL-ATF-0009,ACEITE HIDRAULICO ISO-VG68 CUBETA MINERAL EUROL,2025-06-01,0.0,6.0
ACEI-EUROL-ATF-0009,ACEITE HIDRAULICO ISO-VG68 CUBETA MINERAL EUROL,2024-07-01,0.0,0.0
ACEI-EUROL-ATF-0009,ACEITE HIDRAULICO ISO-VG68 CUBETA MINERAL EUROL,2024-08-01,0.0,0.0
ACEI-EUROL-ATF-0009,ACEITE HIDRAULICO ISO-VG68 CUBETA MINERAL EUROL,2024-09-01,0.0,6.0
ACEI-EUROL-ATF-0009,ACEITE HIDRAULICO ISO-VG68 CUBETA MINERAL EUROL,2024-10-01,0.0,6.0
ACEI-EUROL-ATF-0009,ACEITE HIDRAULICO ISO-VG68 CUBETA MINERAL EUROL,2024-11-01,0.0,6.0
ACEI-EUROL-ATF-0009,ACEITE HIDRAULICO ISO-VG68 CUBETA MINERAL EUROL,2024-12-01,0.0,6.0
ACEI-EUROL-ATF-0009,ACEITE HIDRAULICO ISO-VG68 CUBETA MINERAL EUROL,2025-01-01,0.0,6.0
ACEI-EUROL-ATF-0009,ACEITE HIDRAULICO ISO-VG68 CUBETA MINERAL EUROL,2025-02-01,0.0,6.0
ACEI-EUROL-ATF-0009,ACEITE HIDRAULICO ISO-VG68 CUBETA MINERAL EUROL,2025-03-01,0.0,6.0
ACEI-EUROL-ATF-0010,ACEITE 80W90 HPG CUBETA MINERAL EUROL,2025-04-01,0.0,22.0
ACEI-EUROL-ATF-0010,ACEITE 80W90 HPG CUBETA MINERAL EUROL,2025-05-01,1.0,21.0
ACEI-EUROL-ATF-0010,ACEITE 80W90 HPG CUBETA MINERAL EUROL,2025-06-01,0.0,21.0
ACEI-EUROL-ATF-0010,ACEITE 80W90 HPG CUBETA MINERAL EUROL,2024-07-01,0.0,0.0
ACEI-EUROL-ATF-0010,ACEITE 80W90 HPG CUBETA MINERAL EUROL,2024-08-01,0.0,0.0
ACEI-EUROL-ATF-0010,ACEITE 80W90 HPG CUBETA MINERAL EUROL,2024-09-01,0.0,22.0
ACEI-EUROL-ATF-0010,ACEITE 80W90 HPG CUBETA MINERAL EUROL,2024-10-01,0.0,22.0
ACEI-EUROL-ATF-0010,ACEITE 80W90 HPG CUBETA MINERAL EUROL,2024-11-01,0.0,22.0
ACEI-EUROL-ATF-0010,ACEITE 80W90 HPG CUBETA MINERAL EUROL,2024-12-01,0.0,22.0
ACEI-EUROL-ATF-0010,ACEITE 80W90 HPG CUBETA MINERAL EUROL,2025-01-01,0.0,22.0
ACEI-EUROL-ATF-0010,ACEITE 80W90 HPG CUBETA MINERAL EUROL,2025-02-01,0.0,22.0
ACEI-EUROL-ATF-0010,ACEITE 80W90 HPG CUBETA MINERAL EUROL,2025-03-01,0.0,22.0
ACEI-EUROL-ATF-0011,ACEITE ATF III LTS MINERAL EUROL,2025-04-01,0.0,601.0
ACEI-EUROL-ATF-0011,ACEITE ATF III LTS MINERAL EUROL,2025-05-01,0.0,601.0
ACEI-EUROL-ATF-0011,ACEITE ATF III LTS MINERAL EUROL,2025-06-01,0.0,601.0
ACEI-EUROL-ATF-0011,ACEITE ATF III LTS MINERAL EUROL,2024-07-01,0.0,0.0
ACEI-EUROL-ATF-0011,ACEITE ATF III LTS MINERAL EUROL,2024-08-01,0.0,0.0
ACEI-EUROL-ATF-0011,ACEITE ATF III LTS MINERAL EUROL,2024-09-01,0.0,624.0
ACEI-EUROL-ATF-0011,ACEITE ATF III LTS MINERAL EUROL,2024-10-01,0.0,624.0
ACEI-EUROL-ATF-0011,ACEITE ATF III LTS MINERAL EUROL,2024-11-01,19.0,605.0
ACEI-EUROL-ATF-0011,ACEITE ATF III LTS MINERAL EUROL,2024-12-01,0.0,605.0
ACEI-EUROL-ATF-0011,ACEITE ATF III LTS MINERAL EUROL,2025-01-01,0.0,605.0
ACEI-EUROL-ATF-0011,ACEITE ATF III LTS MINERAL EUROL,2025-02-01,1.0,604.0
ACEI-EUROL-ATF-0011,ACEITE ATF III LTS MINERAL EUROL,2025-03-01,3.0,601.0
ACEI-EUROL-ATF-0012,ACEITE 85W140 HPG EP GARRAFA MINERAL EUROL,2025-04-01,0.0,120.0
ACEI-EUROL-ATF-0012,ACEITE 85W140 HPG EP GARRAFA MINERAL EUROL,2025-05-01,1.0,119.0
ACEI-EUROL-ATF-0012,ACEITE 85W140 HPG EP GARRAFA MINERAL EUROL,2025-06-01,0.0,119.0
ACEI-EUROL-ATF-0012,ACEITE 85W140 HPG EP GARRAFA MINERAL EUROL,2024-07-01,0.0,0.0
ACEI-EUROL-ATF-0012,ACEITE 85W140 HPG EP GARRAFA MINERAL EUROL,2024-08-01,0.0,0.0
ACEI-EUROL-ATF-0012,ACEITE 85W140 HPG EP GARRAFA MINERAL EUROL,2024-09-01,0.0,120.0
ACEI-EUROL-ATF-0012,ACEITE 85W140 HPG EP GARRAFA MINERAL EUROL,2024-10-01,0.0,120.0
ACEI-EUROL-ATF-0012,ACEITE 85W140 HPG EP GARRAFA MINERAL EUROL,2024-11-01,0.0,120.0
ACEI-EUROL-ATF-0012,ACEITE 85W140 HPG EP GARRAFA MINERAL EUROL,2024-12-01,0.0,120.0
ACEI-EUROL-ATF-0012,ACEITE 85W140 HPG EP GARRAFA MINERAL EUROL,2025-01-01,0.0,120.0
ACEI-EUROL-ATF-0012,ACEITE 85W140 HPG EP GARRAFA MINERAL EUROL,2025-02-01,0.0,120.0
ACEI-EUROL-ATF-0012,ACEITE 85W140 HPG EP GARRAFA MINERAL EUROL,2025-03-01,0.0,120.0
ACEI-EUROL-SINT-0001,ACEITE 5W40 1 LT SUPER LITE DIESEL Y GASOLINA FULL SINT/EUROL,2025-04-01,2.0,7.0
ACEI-EUROL-SINT-0001,ACEITE 5W40 1 LT SUPER LITE DIESEL Y GASOLINA FULL SINT/EUROL,2025-05-01,4.0,3.0
ACEI-EUROL-SINT-0001,ACEITE 5W40 1 LT SUPER LITE DIESEL Y GASOLINA FULL SINT/EUROL,2025-06-01,0.0,3.0
ACEI-EUROL-SINT-0001,ACEITE 5W40 1 LT SUPER LITE DIESEL Y GASOLINA FULL SINT/EUROL,2024-07-01,15.0,339.0
ACEI-EUROL-SINT-0001,ACEITE 5W40 1 LT SUPER LITE DIESEL Y GASOLINA FULL SINT/EUROL,2024-08-01,61.0,278.0
ACEI-EUROL-SINT-0001,ACEITE 5W40 1 LT SUPER LITE DIESEL Y GASOLINA FULL SINT/EUROL,2024-09-01,98.0,181.0
ACEI-EUROL-SINT-0001,ACEITE 5W40 1 LT SUPER LITE DIESEL Y GASOLINA FULL SINT/EUROL,2024-10-01,30.0,151.0
ACEI-EUROL-SINT-0001,ACEITE 5W40 1 LT SUPER LITE DIESEL Y GASOLINA FULL SINT/EUROL,2024-11-01,67.0,76.0
ACEI-EUROL-SINT-0001,ACEITE 5W40 1 LT SUPER LITE DIESEL Y GASOLINA FULL SINT/EUROL,2024-12-01,66.0,18.0
ACEI-EUROL-SINT-0001,ACEITE 5W40 1 LT SUPER LITE DIESEL Y GASOLINA FULL SINT/EUROL,2025-01-01,-3.0,22.0
ACEI-EUROL-SINT-0001,ACEITE 5W40 1 LT SUPER LITE DIESEL Y GASOLINA FULL SINT/EUROL,2025-02-01,0.0,11.0
ACEI-EUROL-SINT-0001,ACEITE 5W40 1 LT SUPER LITE DIESEL Y GASOLINA FULL SINT/EUROL,2025-03-01,2.0,9.0
ACEI-EUROL-SINT-0002,ACEITE 0W20 1 LT EVOLENCE GASOLINA FULL SINT/EUROL,2025-04-01,9.0,157.0
ACEI-EUROL-SINT-0002,ACEITE 0W20 1 LT EVOLENCE GASOLINA FULL SINT/EUROL,2025-05-01,5.0,152.0
ACEI-EUROL-SINT-0002,ACEITE 0W20 1 LT EVOLENCE GASOLINA FULL SINT/EUROL,2025-06-01,0.0,152.0
ACEI-EUROL-SINT-0002,ACEITE 0W20 1 LT EVOLENCE GASOLINA FULL SINT/EUROL,2024-07-01,46.0,339.0
ACEI-EUROL-SINT-0002,ACEITE 0W20 1 LT EVOLENCE GASOLINA FULL SINT/EUROL,2024-08-01,10.0,329.0
ACEI-EUROL-SINT-0002,ACEITE 0W20 1 LT EVOLENCE GASOLINA FULL SINT/EUROL,2024-09-01,58.0,272.0
ACEI-EUROL-SINT-0002,ACEITE 0W20 1 LT EVOLENCE GASOLINA FULL SINT/EUROL,2024-10-01,22.0,250.0
ACEI-EUROL-SINT-0002,ACEITE 0W20 1 LT EVOLENCE GASOLINA FULL SINT/EUROL,2024-11-01,31.0,218.0
ACEI-EUROL-SINT-0002,ACEITE 0W20 1 LT EVOLENCE GASOLINA FULL SINT/EUROL,2024-12-01,28.0,184.0
ACEI-EUROL-SINT-0002,ACEITE 0W20 1 LT EVOLENCE GASOLINA FULL SINT/EUROL,2025-01-01,0.0,184.0
ACEI-EUROL-SINT-0002,ACEITE 0W20 1 LT EVOLENCE GASOLINA FULL SINT/EUROL,2025-02-01,5.0,179.0
ACEI-EUROL-SINT-0002,ACEITE 0W20 1 LT EVOLENCE GASOLINA FULL SINT/EUROL,2025-03-01,13.0,166.0
ACEI-EUROL-SINT-0003,ACEITE 5W20 1 LT SUPER LITE GASOLINA FUL SINT/EUROL,2025-04-01,35.0,787.0
ACEI-EUROL-SINT-0003,ACEITE 5W20 1 LT SUPER LITE GASOLINA FUL SINT/EUROL,2025-05-01,91.0,694.0
ACEI-EUROL-SINT-0003,ACEITE 5W20 1 LT SUPER LITE GASOLINA FUL SINT/EUROL,2025-06-01,0.0,694.0
ACEI-EUROL-SINT-0003,ACEITE 5W20 1 LT SUPER LITE GASOLINA FUL SINT/EUROL,2024-07-01,112.0,1312.0
ACEI-EUROL-SINT-0003,ACEITE 5W20 1 LT SUPER LITE GASOLINA FUL SINT/EUROL,2024-08-01,86.0,1226.0
ACEI-EUROL-SINT-0003,ACEITE 5W20 1 LT SUPER LITE GASOLINA FUL SINT/EUROL,2024-09-01,130.0,1105.0
ACEI-EUROL-SINT-0003,ACEITE 5W20 1 LT SUPER LITE GASOLINA FUL SINT/EUROL,2024-10-01,101.0,1009.0
ACEI-EUROL-SINT-0003,ACEITE 5W20 1 LT SUPER LITE GASOLINA FUL SINT/EUROL,2024-11-01,57.0,952.0
ACEI-EUROL-SINT-0003,ACEITE 5W20 1 LT SUPER LITE GASOLINA FUL SINT/EUROL,2024-12-01,35.0,900.0
ACEI-EUROL-SINT-0003,ACEITE 5W20 1 LT SUPER LITE GASOLINA FUL SINT/EUROL,2025-01-01,45.0,855.0
ACEI-EUROL-SINT-0003,ACEITE 5W20 1 LT SUPER LITE GASOLINA FUL SINT/EUROL,2025-02-01,22.0,833.0
ACEI-EUROL-SINT-0003,ACEITE 5W20 1 LT SUPER LITE GASOLINA FUL SINT/EUROL,2025-03-01,11.0,822.0
ACEI-EUROL-SINT-0004,ACEITE 5W30 1 LT SUPER LITE GASOLINA FUL SINT/ EUROL,2025-04-01,0.0,0.0
ACEI-EUROL-SINT-0004,ACEITE 5W30 1 LT SUPER LITE GASOLINA FUL SINT/ EUROL,2025-05-01,0.0,0.0
ACEI-EUROL-SINT-0004,ACEITE 5W30 1 LT SUPER LITE GASOLINA FUL SINT/ EUROL,2025-06-01,0.0,0.0
ACEI-EUROL-SINT-0004,ACEITE 5W30 1 LT SUPER LITE GASOLINA FUL SINT/ EUROL,2024-07-01,49.0,260.0
ACEI-EUROL-SINT-0004,ACEITE 5W30 1 LT SUPER LITE GASOLINA FUL SINT/ EUROL,2024-08-01,85.0,165.0
ACEI-EUROL-SINT-0004,ACEITE 5W30 1 LT SUPER LITE GASOLINA FUL SINT/ EUROL,2024-09-01,82.0,82.0
ACEI-EUROL-SINT-0004,ACEITE 5W30 1 LT SUPER LITE GASOLINA FUL SINT/ EUROL,2024-10-01,23.0,59.0
ACEI-EUROL-SINT-0004,ACEITE 5W30 1 LT SUPER LITE GASOLINA FUL SINT/ EUROL,2024-11-01,44.0,15.0
ACEI-EUROL-SINT-0004,ACEITE 5W30 1 LT SUPER LITE GASOLINA FUL SINT/ EUROL,2024-12-01,16.0,4.0
ACEI-EUROL-SINT-0004,ACEITE 5W30 1 LT SUPER LITE GASOLINA FUL SINT/ EUROL,2025-01-01,8.0,0.0
ACEI-EUROL-SINT-0004,ACEITE 5W30 1 LT SUPER LITE GASOLINA FUL SINT/ EUROL,2025-02-01,0.0,0.0
ACEI-EUROL-SINT-0004,ACEITE 5W30 1 LT SUPER LITE GASOLINA FUL SINT/ EUROL,2025-03-01,0.0,0.0
ACEI-EUROL-SINT-0005,ACEITE 10W30 EVOLENCE 1L FULL SINTETICO EUROL,2025-04-01,6.0,502.0
ACEI-EUROL-SINT-0005,ACEITE 10W30 EVOLENCE 1L FULL SINTETICO EUROL,2025-05-01,75.0,427.0
ACEI-EUROL-SINT-0005,ACEITE 10W30 EVOLENCE 1L FULL SINTETICO EUROL,2025-06-01,0.0,427.0
ACEI-EUROL-SINT-0005,ACEITE 10W30 EVOLENCE 1L FULL SINTETICO EUROL,2024-07-01,0.0,0.0
ACEI-EUROL-SINT-0005,ACEITE 10W30 EVOLENCE 1L FULL SINTETICO EUROL,2024-08-01,0.0,0.0
ACEI-EUROL-SINT-0005,ACEITE 10W30 EVOLENCE 1L FULL SINTETICO EUROL,2024-09-01,0.0,624.0
ACEI-EUROL-SINT-0005,ACEITE 10W30 EVOLENCE 1L FULL SINTETICO EUROL,2024-10-01,0.0,624.0
ACEI-EUROL-SINT-0005,ACEITE 10W30 EVOLENCE 1L FULL SINTETICO EUROL,2024-11-01,43.0,581.0
ACEI-EUROL-SINT-0005,ACEITE 10W30 EVOLENCE 1L FULL SINTETICO EUROL,2024-12-01,12.0,569.0
ACEI-EUROL-SINT-0005,ACEITE 10W30 EVOLENCE 1L FULL SINTETICO EUROL,2025-01-01,30.0,539.0
ACEI-EUROL-SINT-0005,ACEITE 10W30 EVOLENCE 1L FULL SINTETICO EUROL,2025-02-01,24.0,515.0
ACEI-EUROL-SINT-0005,ACEITE 10W30 EVOLENCE 1L FULL SINTETICO EUROL,2025-03-01,8.0,507.0
ACEI-EUROL-SINT-0006,ACEITE 10W30 GARRAFA 5L EVOLENCE FULL SINTETICO EUROL,2025-04-01,13.0,139.0
ACEI-EUROL-SINT-0006,ACEITE 10W30 GARRAFA 5L EVOLENCE FULL SINTETICO EUROL,2025-05-01,50.0,89.0
ACEI-EUROL-SINT-0006,ACEITE 10W30 GARRAFA 5L EVOLENCE FULL SINTETICO EUROL,2025-06-01,0.0,89.0
ACEI-EUROL-SINT-0006,ACEITE 10W30 GARRAFA 5L EVOLENCE FULL SINTETICO EUROL,2024-07-01,0.0,0.0
ACEI-EUROL-SINT-0006,ACEITE 10W30 GARRAFA 5L EVOLENCE FULL SINTETICO EUROL,2024-08-01,0.0,0.0
ACEI-EUROL-SINT-0006,ACEITE 10W30 GARRAFA 5L EVOLENCE FULL SINTETICO EUROL,2024-09-01,0.0,240.0
ACEI-EUROL-SINT-0006,ACEITE 10W30 GARRAFA 5L EVOLENCE FULL SINTETICO EUROL,2024-10-01,1.0,239.0
ACEI-EUROL-SINT-0006,ACEITE 10W30 GARRAFA 5L EVOLENCE FULL SINTETICO EUROL,2024-11-01,22.0,217.0
ACEI-EUROL-SINT-0006,ACEITE 10W30 GARRAFA 5L EVOLENCE FULL SINTETICO EUROL,2024-12-01,10.0,207.0
ACEI-EUROL-SINT-0006,ACEITE 10W30 GARRAFA 5L EVOLENCE FULL SINTETICO EUROL,2025-01-01,20.0,187.0
ACEI-EUROL-SINT-0006,ACEITE 10W30 GARRAFA 5L EVOLENCE FULL SINTETICO EUROL,2025-02-01,29.0,158.0
ACEI-EUROL-SINT-0006,ACEITE 10W30 GARRAFA 5L EVOLENCE FULL SINTETICO EUROL,2025-03-01,5.0,153.0
ACEI-EUROL-SINT-0009,ACEITE 5W30 GARRAFA 5L SUPER LITE GASOLINA FUL SINT/ EUROL,2025-04-01,15.0,0.0
ACEI-EUROL-SINT-0009,ACEITE 5W30 GARRAFA 5L SUPER LITE GASOLINA FUL SINT/ EUROL,2025-05-01,0.0,0.0
ACEI-EUROL-SINT-0009,ACEITE 5W30 GARRAFA 5L SUPER LITE GASOLINA FUL SINT/ EUROL,2025-06-01,0.0,0.0
ACEI-EUROL-SINT-0009,ACEITE 5W30 GARRAFA 5L SUPER LITE GASOLINA FUL SINT/ EUROL,2024-07-01,0.0,0.0
ACEI-EUROL-SINT-0009,ACEITE 5W30 GARRAFA 5L SUPER LITE GASOLINA FUL SINT/ EUROL,2024-08-01,0.0,0.0
ACEI-EUROL-SINT-0009,ACEITE 5W30 GARRAFA 5L SUPER LITE GASOLINA FUL SINT/ EUROL,2024-09-01,0.0,120.0
ACEI-EUROL-SINT-0009,ACEITE 5W30 GARRAFA 5L SUPER LITE GASOLINA FUL SINT/ EUROL,2024-10-01,6.0,114.0
ACEI-EUROL-SINT-0009,ACEITE 5W30 GARRAFA 5L SUPER LITE GASOLINA FUL SINT/ EUROL,2024-11-01,15.0,99.0
ACEI-EUROL-SINT-0009,ACEITE 5W30 GARRAFA 5L SUPER LITE GASOLINA FUL SINT/ EUROL,2024-12-01,23.0,76.0
ACEI-EUROL-SINT-0009,ACEITE 5W30 GARRAFA 5L SUPER LITE GASOLINA FUL SINT/ EUROL,2025-01-01,17.0,58.0
ACEI-EUROL-SINT-0009,ACEITE 5W30 GARRAFA 5L SUPER LITE GASOLINA FUL SINT/ EUROL,2025-02-01,21.0,38.0
ACEI-EUROL-SINT-0009,ACEITE 5W30 GARRAFA 5L SUPER LITE GASOLINA FUL SINT/ EUROL,2025-03-01,23.0,15.0
ACEI-EUROL-SSINT-0001,ACEITE 15W40 1 LT SYNT PLUS P/DIESEL SEMI/SINT/ EUROL,2025-04-01,78.0,1713.0
ACEI-EUROL-SSINT-0001,ACEITE 15W40 1 LT SYNT PLUS P/DIESEL SEMI/SINT/ EUROL,2025-05-01,121.0,1592.0
ACEI-EUROL-SSINT-0001,ACEITE 15W40 1 LT SYNT PLUS P/DIESEL SEMI/SINT/ EUROL,2025-06-01,0.0,1592.0
ACEI-EUROL-SSINT-0001,ACEITE 15W40 1 LT SYNT PLUS P/DIESEL SEMI/SINT/ EUROL,2024-07-01,70.0,2466.0
ACEI-EUROL-SSINT-0001,ACEITE 15W40 1 LT SYNT PLUS P/DIESEL SEMI/SINT/ EUROL,2024-08-01,141.0,2318.0
ACEI-EUROL-SSINT-0001,ACEITE 15W40 1 LT SYNT PLUS P/DIESEL SEMI/SINT/ EUROL,2024-09-01,127.0,2194.0
ACEI-EUROL-SSINT-0001,ACEITE 15W40 1 LT SYNT PLUS P/DIESEL SEMI/SINT/ EUROL,2024-10-01,113.0,2086.0
ACEI-EUROL-SSINT-0001,ACEITE 15W40 1 LT SYNT PLUS P/DIESEL SEMI/SINT/ EUROL,2024-11-01,107.0,1963.0
ACEI-EUROL-SSINT-0001,ACEITE 15W40 1 LT SYNT PLUS P/DIESEL SEMI/SINT/ EUROL,2024-12-01,44.0,1926.0
ACEI-EUROL-SSINT-0001,ACEITE 15W40 1 LT SYNT PLUS P/DIESEL SEMI/SINT/ EUROL,2025-01-01,58.0,1911.0
ACEI-EUROL-SSINT-0001,ACEITE 15W40 1 LT SYNT PLUS P/DIESEL SEMI/SINT/ EUROL,2025-02-01,52.0,1855.0
ACEI-EUROL-SSINT-0001,ACEITE 15W40 1 LT SYNT PLUS P/DIESEL SEMI/SINT/ EUROL,2025-03-01,59.0,1799.0
ACEI-EUROL-SSINT-0002,ACEITE 15W40 GARRAFA SYNT/PLUS SEMI/SINT/ EUROL,2025-04-01,36.0,385.0
ACEI-EUROL-SSINT-0002,ACEITE 15W40 GARRAFA SYNT/PLUS SEMI/SINT/ EUROL,2025-05-01,52.0,329.0
ACEI-EUROL-SSINT-0002,ACEITE 15W40 GARRAFA SYNT/PLUS SEMI/SINT/ EUROL,2025-06-01,0.0,329.0
ACEI-EUROL-SSINT-0002,ACEITE 15W40 GARRAFA SYNT/PLUS SEMI/SINT/ EUROL,2024-07-01,53.0,247.0
ACEI-EUROL-SSINT-0002,ACEITE 15W40 GARRAFA SYNT/PLUS SEMI/SINT/ EUROL,2024-08-01,82.0,163.0
ACEI-EUROL-SSINT-0002,ACEITE 15W40 GARRAFA SYNT/PLUS SEMI/SINT/ EUROL,2024-09-01,74.0,676.0
ACEI-EUROL-SSINT-0002,ACEITE 15W40 GARRAFA SYNT/PLUS SEMI/SINT/ EUROL,2024-10-01,61.0,617.0
ACEI-EUROL-SSINT-0002,ACEITE 15W40 GARRAFA SYNT/PLUS SEMI/SINT/ EUROL,2024-11-01,54.0,558.0
ACEI-EUROL-SSINT-0002,ACEITE 15W40 GARRAFA SYNT/PLUS SEMI/SINT/ EUROL,2024-12-01,54.0,499.0
ACEI-EUROL-SSINT-0002,ACEITE 15W40 GARRAFA SYNT/PLUS SEMI/SINT/ EUROL,2025-01-01,29.0,478.0
ACEI-EUROL-SSINT-0002,ACEITE 15W40 GARRAFA SYNT/PLUS SEMI/SINT/ EUROL,2025-02-01,33.0,444.0
ACEI-EUROL-SSINT-0002,ACEITE 15W40 GARRAFA SYNT/PLUS SEMI/SINT/ EUROL,2025-03-01,22.0,424.0
ACEI-EUROL-SSINT-0003,ACEITE 15W40 CUBETA SYNT/PLUS DIESEL SEMI/SINT/ EUROL,2025-04-01,0.0,148.0
ACEI-EUROL-SSINT-0003,ACEITE 15W40 CUBETA SYNT/PLUS DIESEL SEMI/SINT/ EUROL,2025-05-01,2.0,146.0
ACEI-EUROL-SSINT-0003,ACEITE 15W40 CUBETA SYNT/PLUS DIESEL SEMI/SINT/ EUROL,2025-06-01,0.0,146.0
ACEI-EUROL-SSINT-0003,ACEITE 15W40 CUBETA SYNT/PLUS DIESEL SEMI/SINT/ EUROL,2024-07-01,3.0,35.0
ACEI-EUROL-SSINT-0003,ACEITE 15W40 CUBETA SYNT/PLUS DIESEL SEMI/SINT/ EUROL,2024-08-01,9.0,26.0
ACEI-EUROL-SSINT-0003,ACEITE 15W40 CUBETA SYNT/PLUS DIESEL SEMI/SINT/ EUROL,2024-09-01,2.0,159.0
ACEI-EUROL-SSINT-0003,ACEITE 15W40 CUBETA SYNT/PLUS DIESEL SEMI/SINT/ EUROL,2024-10-01,0.0,159.0
ACEI-EUROL-SSINT-0003,ACEITE 15W40 CUBETA SYNT/PLUS DIESEL SEMI/SINT/ EUROL,2024-11-01,6.0,153.0
ACEI-EUROL-SSINT-0003,ACEITE 15W40 CUBETA SYNT/PLUS DIESEL SEMI/SINT/ EUROL,2024-12-01,2.0,150.0
ACEI-EUROL-SSINT-0003,ACEITE 15W40 CUBETA SYNT/PLUS DIESEL SEMI/SINT/ EUROL,2025-01-01,1.0,151.0
ACEI-EUROL-SSINT-0003,ACEITE 15W40 CUBETA SYNT/PLUS DIESEL SEMI/SINT/ EUROL,2025-02-01,2.0,149.0
ACEI-EUROL-SSINT-0003,ACEITE 15W40 CUBETA SYNT/PLUS DIESEL SEMI/SINT/ EUROL,2025-03-01,1.0,148.0
ACEI-EUROL-SSINT-0004,ACEITE 15W40 BARRIL SYNT/PLUS P/DIESEL SEMI/SINT/ EUROL,2025-04-01,2.0,6.0
ACEI-EUROL-SSINT-0004,ACEITE 15W40 BARRIL SYNT/PLUS P/DIESEL SEMI/SINT/ EUROL,2025-05-01,1.0,5.0
ACEI-EUROL-SSINT-0004,ACEITE 15W40 BARRIL SYNT/PLUS P/DIESEL SEMI/SINT/ EUROL,2025-06-01,0.0,5.0
ACEI-EUROL-SSINT-0004,ACEITE 15W40 BARRIL SYNT/PLUS P/DIESEL SEMI/SINT/ EUROL,2024-07-01,0.0,16.0
ACEI-EUROL-SSINT-0004,ACEITE 15W40 BARRIL SYNT/PLUS P/DIESEL SEMI/SINT/ EUROL,2024-08-01,1.0,15.0
ACEI-EUROL-SSINT-0004,ACEITE 15W40 BARRIL SYNT/PLUS P/DIESEL SEMI/SINT/ EUROL,2024-09-01,0.0,15.0
ACEI-EUROL-SSINT-0004,ACEITE 15W40 BARRIL SYNT/PLUS P/DIESEL SEMI/SINT/ EUROL,2024-10-01,1.0,14.0
ACEI-EUROL-SSINT-0004,ACEITE 15W40 BARRIL SYNT/PLUS P/DIESEL SEMI/SINT/ EUROL,2024-11-01,1.0,13.0
ACEI-EUROL-SSINT-0004,ACEITE 15W40 BARRIL SYNT/PLUS P/DIESEL SEMI/SINT/ EUROL,2024-12-01,2.0,11.0
ACEI-EUROL-SSINT-0004,ACEITE 15W40 BARRIL SYNT/PLUS P/DIESEL SEMI/SINT/ EUROL,2025-01-01,0.0,11.0
ACEI-EUROL-SSINT-0004,ACEITE 15W40 BARRIL SYNT/PLUS P/DIESEL SEMI/SINT/ EUROL,2025-02-01,2.0,9.0
ACEI-EUROL-SSINT-0004,ACEITE 15W40 BARRIL SYNT/PLUS P/DIESEL SEMI/SINT/ EUROL,2025-03-01,1.0,8.0
ACEI-EUROL-SSINT-0005,ACEITE 10W30 1 LT PRO LITE P/GASOLINA/DIESEL SEMI/SINT/ EUROL,2025-04-01,57.0,700.0
ACEI-EUROL-SSINT-0005,ACEITE 10W30 1 LT PRO LITE P/GASOLINA/DIESEL SEMI/SINT/ EUROL,2025-05-01,35.0,665.0
ACEI-EUROL-SSINT-0005,ACEITE 10W30 1 LT PRO LITE P/GASOLINA/DIESEL SEMI/SINT/ EUROL,2025-06-01,0.0,665.0
ACEI-EUROL-SSINT-0005,ACEITE 10W30 1 LT PRO LITE P/GASOLINA/DIESEL SEMI/SINT/ EUROL,2024-07-01,49.0,405.0
ACEI-EUROL-SSINT-0005,ACEITE 10W30 1 LT PRO LITE P/GASOLINA/DIESEL SEMI/SINT/ EUROL,2024-08-01,47.0,358.0
ACEI-EUROL-SSINT-0005,ACEITE 10W30 1 LT PRO LITE P/GASOLINA/DIESEL SEMI/SINT/ EUROL,2024-09-01,5.0,964.0
ACEI-EUROL-SSINT-0005,ACEITE 10W30 1 LT PRO LITE P/GASOLINA/DIESEL SEMI/SINT/ EUROL,2024-10-01,25.0,939.0
ACEI-EUROL-SSINT-0005,ACEITE 10W30 1 LT PRO LITE P/GASOLINA/DIESEL SEMI/SINT/ EUROL,2024-11-01,47.0,892.0
ACEI-EUROL-SSINT-0005,ACEITE 10W30 1 LT PRO LITE P/GASOLINA/DIESEL SEMI/SINT/ EUROL,2024-12-01,47.0,843.0
ACEI-EUROL-SSINT-0005,ACEITE 10W30 1 LT PRO LITE P/GASOLINA/DIESEL SEMI/SINT/ EUROL,2025-01-01,13.0,829.0
ACEI-EUROL-SSINT-0005,ACEITE 10W30 1 LT PRO LITE P/GASOLINA/DIESEL SEMI/SINT/ EUROL,2025-02-01,48.0,781.0
ACEI-EUROL-SSINT-0005,ACEITE 10W30 1 LT PRO LITE P/GASOLINA/DIESEL SEMI/SINT/ EUROL,2025-03-01,26.0,758.0
ACEI-EUROL-SSINT-0006,ACEITE 10W30 GARRAFA PRO LITE P/GASOLINA/DIESEL SEMI/SINT/ EUROL,2025-04-01,13.0,265.0
ACEI-EUROL-SSINT-0006,ACEITE 10W30 GARRAFA PRO LITE P/GASOLINA/DIESEL SEMI/SINT/ EUROL,2025-05-01,31.0,234.0
ACEI-EUROL-SSINT-0006,ACEITE 10W30 GARRAFA PRO LITE P/GASOLINA/DIESEL SEMI/SINT/ EUROL,2025-06-01,0.0,234.0
ACEI-EUROL-SSINT-0006,ACEITE 10W30 GARRAFA PRO LITE P/GASOLINA/DIESEL SEMI/SINT/ EUROL,2024-07-01,33.0,211.0
ACEI-EUROL-SSINT-0006,ACEITE 10W30 GARRAFA PRO LITE P/GASOLINA/DIESEL SEMI/SINT/ EUROL,2024-08-01,34.0,177.0
ACEI-EUROL-SSINT-0006,ACEITE 10W30 GARRAFA PRO LITE P/GASOLINA/DIESEL SEMI/SINT/ EUROL,2024-09-01,78.0,453.0
ACEI-EUROL-SSINT-0006,ACEITE 10W30 GARRAFA PRO LITE P/GASOLINA/DIESEL SEMI/SINT/ EUROL,2024-10-01,42.0,411.0
ACEI-EUROL-SSINT-0006,ACEITE 10W30 GARRAFA PRO LITE P/GASOLINA/DIESEL SEMI/SINT/ EUROL,2024-11-01,37.0,373.0
ACEI-EUROL-SSINT-0006,ACEITE 10W30 GARRAFA PRO LITE P/GASOLINA/DIESEL SEMI/SINT/ EUROL,2024-12-01,40.0,330.0
ACEI-EUROL-SSINT-0006,ACEITE 10W30 GARRAFA PRO LITE P/GASOLINA/DIESEL SEMI/SINT/ EUROL,2025-01-01,11.0,321.0
ACEI-EUROL-SSINT-0006,ACEITE 10W30 GARRAFA PRO LITE P/GASOLINA/DIESEL SEMI/SINT/ EUROL,2025-02-01,27.0,294.0
ACEI-EUROL-SSINT-0006,ACEITE 10W30 GARRAFA PRO LITE P/GASOLINA/DIESEL SEMI/SINT/ EUROL,2025-03-01,15.0,279.0
ACEI-EUROL-SSINT-0007,ACEITE 10W30 BARRIL PRO LITE P/GASOLINA SEMI/SINT/ EUROL,2025-04-01,0.0,0.0
ACEI-EUROL-SSINT-0007,ACEITE 10W30 BARRIL PRO LITE P/GASOLINA SEMI/SINT/ EUROL,2025-05-01,0.0,0.0
ACEI-EUROL-SSINT-0007,ACEITE 10W30 BARRIL PRO LITE P/GASOLINA SEMI/SINT/ EUROL,2025-06-01,0.0,0.0
ACEI-EUROL-SSINT-0007,ACEITE 10W30 BARRIL PRO LITE P/GASOLINA SEMI/SINT/ EUROL,2024-07-01,1.0,2.0
ACEI-EUROL-SSINT-0007,ACEITE 10W30 BARRIL PRO LITE P/GASOLINA SEMI/SINT/ EUROL,2024-08-01,1.0,1.0
ACEI-EUROL-SSINT-0007,ACEITE 10W30 BARRIL PRO LITE P/GASOLINA SEMI/SINT/ EUROL,2024-09-01,1.0,0.0
ACEI-EUROL-SSINT-0007,ACEITE 10W30 BARRIL PRO LITE P/GASOLINA SEMI/SINT/ EUROL,2024-10-01,0.0,0.0
ACEI-EUROL-SSINT-0007,ACEITE 10W30 BARRIL PRO LITE P/GASOLINA SEMI/SINT/ EUROL,2024-11-01,0.0,0.0
ACEI-EUROL-SSINT-0007,ACEITE 10W30 BARRIL PRO LITE P/GASOLINA SEMI/SINT/ EUROL,2024-12-01,0.0,0.0
ACEI-EUROL-SSINT-0007,ACEITE 10W30 BARRIL PRO LITE P/GASOLINA SEMI/SINT/ EUROL,2025-01-01,0.0,0.0
ACEI-EUROL-SSINT-0007,ACEITE 10W30 BARRIL PRO LITE P/GASOLINA SEMI/SINT/ EUROL,2025-02-01,0.0,0.0
ACEI-EUROL-SSINT-0007,ACEITE 10W30 BARRIL PRO LITE P/GASOLINA SEMI/SINT/ EUROL,2025-03-01,0.0,0.0
ACEI-EUROL-SSINT-0008,ACEITE 20W50 1 LT PRO LITE P/GASOLINA SEMI/SINT/ EUROL,2025-04-01,27.0,2736.0
ACEI-EUROL-SSINT-0008,ACEITE 20W50 1 LT PRO LITE P/GASOLINA SEMI/SINT/ EUROL,2025-05-01,69.0,2666.0
ACEI-EUROL-SSINT-0008,ACEITE 20W50 1 LT PRO LITE P/GASOLINA SEMI/SINT/ EUROL,2025-06-01,0.0,2666.0
ACEI-EUROL-SSINT-0008,ACEITE 20W50 1 LT PRO LITE P/GASOLINA SEMI/SINT/ EUROL,2024-07-01,32.0,2979.0
ACEI-EUROL-SSINT-0008,ACEITE 20W50 1 LT PRO LITE P/GASOLINA SEMI/SINT/ EUROL,2024-08-01,52.0,2928.0
ACEI-EUROL-SSINT-0008,ACEITE 20W50 1 LT PRO LITE P/GASOLINA SEMI/SINT/ EUROL,2024-09-01,30.0,2889.0
ACEI-EUROL-SSINT-0008,ACEITE 20W50 1 LT PRO LITE P/GASOLINA SEMI/SINT/ EUROL,2024-10-01,33.0,2858.0
ACEI-EUROL-SSINT-0008,ACEITE 20W50 1 LT PRO LITE P/GASOLINA SEMI/SINT/ EUROL,2024-11-01,29.0,2824.0
ACEI-EUROL-SSINT-0008,ACEITE 20W50 1 LT PRO LITE P/GASOLINA SEMI/SINT/ EUROL,2024-12-01,11.0,2809.0
ACEI-EUROL-SSINT-0008,ACEITE 20W50 1 LT PRO LITE P/GASOLINA SEMI/SINT/ EUROL,2025-01-01,26.0,2779.0
ACEI-EUROL-SSINT-0008,ACEITE 20W50 1 LT PRO LITE P/GASOLINA SEMI/SINT/ EUROL,2025-02-01,11.0,2768.0
ACEI-EUROL-SSINT-0008,ACEITE 20W50 1 LT PRO LITE P/GASOLINA SEMI/SINT/ EUROL,2025-03-01,11.0,2763.0
ACEI-EUROL-SSINT-0009,ACEITE 20W50 GARRAFA PRO LITE P/GASOLINA SEMI/SINT/ EUROL,2025-04-01,11.0,351.0
ACEI-EUROL-SSINT-0009,ACEITE 20W50 GARRAFA PRO LITE P/GASOLINA SEMI/SINT/ EUROL,2025-05-01,35.0,317.0
ACEI-EUROL-SSINT-0009,ACEITE 20W50 GARRAFA PRO LITE P/GASOLINA SEMI/SINT/ EUROL,2025-06-01,0.0,317.0
ACEI-EUROL-SSINT-0009,ACEITE 20W50 GARRAFA PRO LITE P/GASOLINA SEMI/SINT/ EUROL,2024-07-01,24.0,511.0
ACEI-EUROL-SSINT-0009,ACEITE 20W50 GARRAFA PRO LITE P/GASOLINA SEMI/SINT/ EUROL,2024-08-01,37.0,474.0
ACEI-EUROL-SSINT-0009,ACEITE 20W50 GARRAFA PRO LITE P/GASOLINA SEMI/SINT/ EUROL,2024-09-01,38.0,433.0
ACEI-EUROL-SSINT-0009,ACEITE 20W50 GARRAFA PRO LITE P/GASOLINA SEMI/SINT/ EUROL,2024-10-01,7.0,426.0
ACEI-EUROL-SSINT-0009,ACEITE 20W50 GARRAFA PRO LITE P/GASOLINA SEMI/SINT/ EUROL,2024-11-01,10.0,416.0
ACEI-EUROL-SSINT-0009,ACEITE 20W50 GARRAFA PRO LITE P/GASOLINA SEMI/SINT/ EUROL,2024-12-01,19.0,396.0
ACEI-EUROL-SSINT-0009,ACEITE 20W50 GARRAFA PRO LITE P/GASOLINA SEMI/SINT/ EUROL,2025-01-01,11.0,383.0
ACEI-EUROL-SSINT-0009,ACEITE 20W50 GARRAFA PRO LITE P/GASOLINA SEMI/SINT/ EUROL,2025-02-01,10.0,373.0
ACEI-EUROL-SSINT-0009,ACEITE 20W50 GARRAFA PRO LITE P/GASOLINA SEMI/SINT/ EUROL,2025-03-01,10.0,362.0
ACEI-EUROL-SSINT-0010,ACEITE 20W50 BARRIL PRO LITE P/GASOLINA SEMI/SINT/ EUROL,2025-04-01,0.0,4.0
ACEI-EUROL-SSINT-0010,ACEITE 20W50 BARRIL PRO LITE P/GASOLINA SEMI/SINT/ EUROL,2025-05-01,0.0,4.0
ACEI-EUROL-SSINT-0010,ACEITE 20W50 BARRIL PRO LITE P/GASOLINA SEMI/SINT/ EUROL,2025-06-01,0.0,4.0
ACEI-EUROL-SSINT-0010,ACEITE 20W50 BARRIL PRO LITE P/GASOLINA SEMI/SINT/ EUROL,2024-07-01,0.0,4.0
ACEI-EUROL-SSINT-0010,ACEITE 20W50 BARRIL PRO LITE P/GASOLINA SEMI/SINT/ EUROL,2024-08-01,0.0,4.0
ACEI-EUROL-SSINT-0010,ACEITE 20W50 BARRIL PRO LITE P/GASOLINA SEMI/SINT/ EUROL,2024-09-01,0.0,4.0
ACEI-EUROL-SSINT-0010,ACEITE 20W50 BARRIL PRO LITE P/GASOLINA SEMI/SINT/ EUROL,2024-10-01,0.0,4.0
ACEI-EUROL-SSINT-0010,ACEITE 20W50 BARRIL PRO LITE P/GASOLINA SEMI/SINT/ EUROL,2024-11-01,0.0,4.0
ACEI-EUROL-SSINT-0010,ACEITE 20W50 BARRIL PRO LITE P/GASOLINA SEMI/SINT/ EUROL,2024-12-01,0.0,4.0
ACEI-EUROL-SSINT-0010,ACEITE 20W50 BARRIL PRO LITE P/GASOLINA SEMI/SINT/ EUROL,2025-01-01,0.0,4.0
ACEI-EUROL-SSINT-0010,ACEITE 20W50 BARRIL PRO LITE P/GASOLINA SEMI/SINT/ EUROL,2025-02-01,0.0,4.0
ACEI-EUROL-SSINT-0010,ACEITE 20W50 BARRIL PRO LITE P/GASOLINA SEMI/SINT/ EUROL,2025-03-01,0.0,4.0
ACEI-EUROL-SSINT-0011,ACEITE 15W40 GARRAFA DE  6 LTS GLOBENCE SA EUROL,2025-04-01,27.0,59.0
ACEI-EUROL-SSINT-0011,ACEITE 15W40 GARRAFA DE  6 LTS GLOBENCE SA EUROL,2025-05-01,41.0,18.0
ACEI-EUROL-SSINT-0011,ACEITE 15W40 GARRAFA DE  6 LTS GLOBENCE SA EUROL,2025-06-01,0.0,18.0
ACEI-EUROL-SSINT-0011,ACEITE 15W40 GARRAFA DE  6 LTS GLOBENCE SA EUROL,2024-07-01,0.0,0.0
ACEI-EUROL-SSINT-0011,ACEITE 15W40 GARRAFA DE  6 LTS GLOBENCE SA EUROL,2024-08-01,0.0,0.0
ACEI-EUROL-SSINT-0011,ACEITE 15W40 GARRAFA DE  6 LTS GLOBENCE SA EUROL,2024-09-01,0.0,240.0
ACEI-EUROL-SSINT-0011,ACEITE 15W40 GARRAFA DE  6 LTS GLOBENCE SA EUROL,2024-10-01,2.0,238.0
ACEI-EUROL-SSINT-0011,ACEITE 15W40 GARRAFA DE  6 LTS GLOBENCE SA EUROL,2024-11-01,21.0,216.0
ACEI-EUROL-SSINT-0011,ACEITE 15W40 GARRAFA DE  6 LTS GLOBENCE SA EUROL,2024-12-01,35.0,181.0
ACEI-EUROL-SSINT-0011,ACEITE 15W40 GARRAFA DE  6 LTS GLOBENCE SA EUROL,2025-01-01,27.0,152.0
ACEI-EUROL-SSINT-0011,ACEITE 15W40 GARRAFA DE  6 LTS GLOBENCE SA EUROL,2025-02-01,25.0,125.0
ACEI-EUROL-SSINT-0011,ACEITE 15W40 GARRAFA DE  6 LTS GLOBENCE SA EUROL,2025-03-01,38.0,86.0
ACEI-EUROL-SSINT-0012,ACEITE 15W40 1 LTS GLOBENCE SA EUROL,2025-04-01,54.0,351.0
ACEI-EUROL-SSINT-0012,ACEITE 15W40 1 LTS GLOBENCE SA EUROL,2025-05-01,55.0,293.0
ACEI-EUROL-SSINT-0012,ACEITE 15W40 1 LTS GLOBENCE SA EUROL,2025-06-01,0.0,293.0
ACEI-EUROL-SSINT-0012,ACEITE 15W40 1 LTS GLOBENCE SA EUROL,2024-07-01,0.0,0.0
ACEI-EUROL-SSINT-0012,ACEITE 15W40 1 LTS GLOBENCE SA EUROL,2024-08-01,0.0,0.0
ACEI-EUROL-SSINT-0012,ACEITE 15W40 1 LTS GLOBENCE SA EUROL,2024-09-01,0.0,624.0
ACEI-EUROL-SSINT-0012,ACEITE 15W40 1 LTS GLOBENCE SA EUROL,2024-10-01,2.0,622.0
ACEI-EUROL-SSINT-0012,ACEITE 15W40 1 LTS GLOBENCE SA EUROL,2024-11-01,32.0,589.0
ACEI-EUROL-SSINT-0012,ACEITE 15W40 1 LTS GLOBENCE SA EUROL,2024-12-01,39.0,550.0
ACEI-EUROL-SSINT-0012,ACEITE 15W40 1 LTS GLOBENCE SA EUROL,2025-01-01,30.0,519.0
ACEI-EUROL-SSINT-0012,ACEITE 15W40 1 LTS GLOBENCE SA EUROL,2025-02-01,41.0,468.0
ACEI-EUROL-SSINT-0012,ACEITE 15W40 1 LTS GLOBENCE SA EUROL,2025-03-01,58.0,406.0
ACEI-EUROL-SSINT-0013,ACEITE 20W50 4T 1LTS ROAD MINERAL MOTO  EUROL,2025-04-01,36.0,1805.0
ACEI-EUROL-SSINT-0013,ACEITE 20W50 4T 1LTS ROAD MINERAL MOTO  EUROL,2025-05-01,12.0,1793.0
ACEI-EUROL-SSINT-0013,ACEITE 20W50 4T 1LTS ROAD MINERAL MOTO  EUROL,2025-06-01,0.0,1793.0
ACEI-EUROL-SSINT-0013,ACEITE 20W50 4T 1LTS ROAD MINERAL MOTO  EUROL,2024-07-01,0.0,0.0
ACEI-EUROL-SSINT-0013,ACEITE 20W50 4T 1LTS ROAD MINERAL MOTO  EUROL,2024-08-01,0.0,0.0
ACEI-EUROL-SSINT-0013,ACEITE 20W50 4T 1LTS ROAD MINERAL MOTO  EUROL,2024-09-01,0.0,1872.0
ACEI-EUROL-SSINT-0013,ACEITE 20W50 4T 1LTS ROAD MINERAL MOTO  EUROL,2024-10-01,0.0,1867.0
ACEI-EUROL-SSINT-0013,ACEITE 20W50 4T 1LTS ROAD MINERAL MOTO  EUROL,2024-11-01,24.0,1843.0
ACEI-EUROL-SSINT-0013,ACEITE 20W50 4T 1LTS ROAD MINERAL MOTO  EUROL,2024-12-01,1.0,1842.0
ACEI-EUROL-SSINT-0013,ACEITE 20W50 4T 1LTS ROAD MINERAL MOTO  EUROL,2025-01-01,1.0,1841.0
ACEI-EUROL-SSINT-0013,ACEITE 20W50 4T 1LTS ROAD MINERAL MOTO  EUROL,2025-02-01,0.0,1841.0
ACEI-EUROL-SSINT-0013,ACEITE 20W50 4T 1LTS ROAD MINERAL MOTO  EUROL,2025-03-01,0.0,1841.0
ACEI-EUROL-SSINT-0015,ACEITE 5W20 GARRAFA 5L SUPER LITE EUROL,2025-04-01,23.0,266.0
ACEI-EUROL-SSINT-0015,ACEITE 5W20 GARRAFA 5L SUPER LITE EUROL,2025-05-01,44.0,221.0
ACEI-EUROL-SSINT-0015,ACEITE 5W20 GARRAFA 5L SUPER LITE EUROL,2025-06-01,0.0,221.0
ACEI-EUROL-SSINT-0015,ACEITE 5W20 GARRAFA 5L SUPER LITE EUROL,2024-07-01,0.0,0.0
ACEI-EUROL-SSINT-0015,ACEITE 5W20 GARRAFA 5L SUPER LITE EUROL,2024-08-01,0.0,0.0
ACEI-EUROL-SSINT-0015,ACEITE 5W20 GARRAFA 5L SUPER LITE EUROL,2024-09-01,0.0,360.0
ACEI-EUROL-SSINT-0015,ACEITE 5W20 GARRAFA 5L SUPER LITE EUROL,2024-10-01,4.0,356.0
ACEI-EUROL-SSINT-0015,ACEITE 5W20 GARRAFA 5L SUPER LITE EUROL,2024-11-01,8.0,348.0
ACEI-EUROL-SSINT-0015,ACEITE 5W20 GARRAFA 5L SUPER LITE EUROL,2024-12-01,11.0,337.0
ACEI-EUROL-SSINT-0015,ACEITE 5W20 GARRAFA 5L SUPER LITE EUROL,2025-01-01,15.0,322.0
ACEI-EUROL-SSINT-0015,ACEITE 5W20 GARRAFA 5L SUPER LITE EUROL,2025-02-01,18.0,304.0
ACEI-EUROL-SSINT-0015,ACEITE 5W20 GARRAFA 5L SUPER LITE EUROL,2025-03-01,16.0,288.0
ACEI-EUROL-SSINT-0016,ACEITE 5W40 GARRAFA  SUPER LITE EUROL,2025-04-01,14.0,43.0
ACEI-EUROL-SSINT-0016,ACEITE 5W40 GARRAFA  SUPER LITE EUROL,2025-05-01,14.0,29.0
ACEI-EUROL-SSINT-0016,ACEITE 5W40 GARRAFA  SUPER LITE EUROL,2025-06-01,0.0,29.0
ACEI-EUROL-SSINT-0016,ACEITE 5W40 GARRAFA  SUPER LITE EUROL,2024-07-01,0.0,0.0
ACEI-EUROL-SSINT-0016,ACEITE 5W40 GARRAFA  SUPER LITE EUROL,2024-08-01,0.0,0.0
ACEI-EUROL-SSINT-0016,ACEITE 5W40 GARRAFA  SUPER LITE EUROL,2024-09-01,0.0,120.0
ACEI-EUROL-SSINT-0016,ACEITE 5W40 GARRAFA  SUPER LITE EUROL,2024-10-01,6.0,114.0
ACEI-EUROL-SSINT-0016,ACEITE 5W40 GARRAFA  SUPER LITE EUROL,2024-11-01,6.0,107.0
ACEI-EUROL-SSINT-0016,ACEITE 5W40 GARRAFA  SUPER LITE EUROL,2024-12-01,8.0,100.0
ACEI-EUROL-SSINT-0016,ACEITE 5W40 GARRAFA  SUPER LITE EUROL,2025-01-01,18.0,82.0
ACEI-EUROL-SSINT-0016,ACEITE 5W40 GARRAFA  SUPER LITE EUROL,2025-02-01,17.0,65.0
ACEI-EUROL-SSINT-0016,ACEITE 5W40 GARRAFA  SUPER LITE EUROL,2025-03-01,7.0,57.0
ACEI-EUROL-SSINT-0017,ACEITE 15W40 BARRIL GLOBENCE SA EUROL,2025-04-01,0.0,12.0
ACEI-EUROL-SSINT-0017,ACEITE 15W40 BARRIL GLOBENCE SA EUROL,2025-05-01,0.0,12.0
ACEI-EUROL-SSINT-0017,ACEITE 15W40 BARRIL GLOBENCE SA EUROL,2025-06-01,0.0,12.0
ACEI-EUROL-SSINT-0017,ACEITE 15W40 BARRIL GLOBENCE SA EUROL,2024-07-01,0.0,0.0
ACEI-EUROL-SSINT-0017,ACEITE 15W40 BARRIL GLOBENCE SA EUROL,2024-08-01,0.0,0.0
ACEI-EUROL-SSINT-0017,ACEITE 15W40 BARRIL GLOBENCE SA EUROL,2024-09-01,0.0,12.0
ACEI-EUROL-SSINT-0017,ACEITE 15W40 BARRIL GLOBENCE SA EUROL,2024-10-01,0.0,12.0
ACEI-EUROL-SSINT-0017,ACEITE 15W40 BARRIL GLOBENCE SA EUROL,2024-11-01,0.0,12.0
ACEI-EUROL-SSINT-0017,ACEITE 15W40 BARRIL GLOBENCE SA EUROL,2024-12-01,0.0,12.0
ACEI-EUROL-SSINT-0017,ACEITE 15W40 BARRIL GLOBENCE SA EUROL,2025-01-01,0.0,12.0
ACEI-EUROL-SSINT-0017,ACEITE 15W40 BARRIL GLOBENCE SA EUROL,2025-02-01,0.0,12.0
ACEI-EUROL-SSINT-0017,ACEITE 15W40 BARRIL GLOBENCE SA EUROL,2025-03-01,0.0,12.0
ACEI-EUROL-SSINT-0018,ACEITE 0W20 GARRAFA EVOLENCE F/SINTETICO EUROL,2025-04-01,13.0,76.0
ACEI-EUROL-SSINT-0018,ACEITE 0W20 GARRAFA EVOLENCE F/SINTETICO EUROL,2025-05-01,5.0,71.0
ACEI-EUROL-SSINT-0018,ACEITE 0W20 GARRAFA EVOLENCE F/SINTETICO EUROL,2025-06-01,0.0,71.0
ACEI-EUROL-SSINT-0018,ACEITE 0W20 GARRAFA EVOLENCE F/SINTETICO EUROL,2024-07-01,0.0,0.0
ACEI-EUROL-SSINT-0018,ACEITE 0W20 GARRAFA EVOLENCE F/SINTETICO EUROL,2024-08-01,0.0,0.0
ACEI-EUROL-SSINT-0018,ACEITE 0W20 GARRAFA EVOLENCE F/SINTETICO EUROL,2024-09-01,0.0,120.0
ACEI-EUROL-SSINT-0018,ACEITE 0W20 GARRAFA EVOLENCE F/SINTETICO EUROL,2024-10-01,2.0,118.0
ACEI-EUROL-SSINT-0018,ACEITE 0W20 GARRAFA EVOLENCE F/SINTETICO EUROL,2024-11-01,5.0,113.0
ACEI-EUROL-SSINT-0018,ACEITE 0W20 GARRAFA EVOLENCE F/SINTETICO EUROL,2024-12-01,5.0,109.0
ACEI-EUROL-SSINT-0018,ACEITE 0W20 GARRAFA EVOLENCE F/SINTETICO EUROL,2025-01-01,5.0,103.0
ACEI-EUROL-SSINT-0018,ACEITE 0W20 GARRAFA EVOLENCE F/SINTETICO EUROL,2025-02-01,9.0,94.0
ACEI-EUROL-SSINT-0018,ACEITE 0W20 GARRAFA EVOLENCE F/SINTETICO EUROL,2025-03-01,3.0,89.0
ACEI-EUROL-SSINT-0020,ACEITE 15W40 CUBETA GLOBENCE SA EUROL,2025-04-01,0.0,134.0
ACEI-EUROL-SSINT-0020,ACEITE 15W40 CUBETA GLOBENCE SA EUROL,2025-05-01,0.0,134.0
ACEI-EUROL-SSINT-0020,ACEITE 15W40 CUBETA GLOBENCE SA EUROL,2025-06-01,0.0,134.0
ACEI-EUROL-SSINT-0020,ACEITE 15W40 CUBETA GLOBENCE SA EUROL,2024-07-01,0.0,0.0
ACEI-EUROL-SSINT-0020,ACEITE 15W40 CUBETA GLOBENCE SA EUROL,2024-08-01,0.0,0.0
ACEI-EUROL-SSINT-0020,ACEITE 15W40 CUBETA GLOBENCE SA EUROL,2024-09-01,0.0,135.0
ACEI-EUROL-SSINT-0020,ACEITE 15W40 CUBETA GLOBENCE SA EUROL,2024-10-01,0.0,135.0
ACEI-EUROL-SSINT-0020,ACEITE 15W40 CUBETA GLOBENCE SA EUROL,2024-11-01,0.0,135.0
ACEI-EUROL-SSINT-0020,ACEITE 15W40 CUBETA GLOBENCE SA EUROL,2024-12-01,0.0,135.0
ACEI-EUROL-SSINT-0020,ACEITE 15W40 CUBETA GLOBENCE SA EUROL,2025-01-01,0.0,135.0
ACEI-EUROL-SSINT-0020,ACEITE 15W40 CUBETA GLOBENCE SA EUROL,2025-02-01,0.0,135.0
ACEI-EUROL-SSINT-0020,ACEITE 15W40 CUBETA GLOBENCE SA EUROL,2025-03-01,1.0,134.0
ADIT-EURO-LIMP-0001,LIMPIADOR DE MOTOR 500 ML EUROL,2025-04-01,14.0,215.0
ADIT-EURO-LIMP-0001,LIMPIADOR DE MOTOR 500 ML EUROL,2025-05-01,6.0,209.0
ADIT-EURO-LIMP-0001,LIMPIADOR DE MOTOR 500 ML EUROL,2025-06-01,0.0,209.0
ADIT-EURO-LIMP-0001,LIMPIADOR DE MOTOR 500 ML EUROL,2024-07-01,0.0,0.0
ADIT-EURO-LIMP-0001,LIMPIADOR DE MOTOR 500 ML EUROL,2024-08-01,0.0,0.0
ADIT-EURO-LIMP-0001,LIMPIADOR DE MOTOR 500 ML EUROL,2024-09-01,0.0,240.0
ADIT-EURO-LIMP-0001,LIMPIADOR DE MOTOR 500 ML EUROL,2024-10-01,1.0,239.0
ADIT-EURO-LIMP-0001,LIMPIADOR DE MOTOR 500 ML EUROL,2024-11-01,1.0,238.0
ADIT-EURO-LIMP-0001,LIMPIADOR DE MOTOR 500 ML EUROL,2024-12-01,2.0,236.0
ADIT-EURO-LIMP-0001,LIMPIADOR DE MOTOR 500 ML EUROL,2025-01-01,2.0,233.0
ADIT-EURO-LIMP-0001,LIMPIADOR DE MOTOR 500 ML EUROL,2025-02-01,3.0,230.0
ADIT-EURO-LIMP-0001,LIMPIADOR DE MOTOR 500 ML EUROL,2025-03-01,0.0,229.0
ADIT-EURO-LIMP-0002,LIMPIADOR DE FRENOS SPRAY 500 ML EUROL,2025-04-01,74.0,154.0
ADIT-EURO-LIMP-0002,LIMPIADOR DE FRENOS SPRAY 500 ML EUROL,2025-05-01,47.0,106.0
ADIT-EURO-LIMP-0002,LIMPIADOR DE FRENOS SPRAY 500 ML EUROL,2025-06-01,0.0,106.0
ADIT-EURO-LIMP-0002,LIMPIADOR DE FRENOS SPRAY 500 ML EUROL,2024-07-01,0.0,0.0
ADIT-EURO-LIMP-0002,LIMPIADOR DE FRENOS SPRAY 500 ML EUROL,2024-08-01,0.0,0.0
ADIT-EURO-LIMP-0002,LIMPIADOR DE FRENOS SPRAY 500 ML EUROL,2024-09-01,0.0,504.0
ADIT-EURO-LIMP-0002,LIMPIADOR DE FRENOS SPRAY 500 ML EUROL,2024-10-01,10.0,488.0
ADIT-EURO-LIMP-0002,LIMPIADOR DE FRENOS SPRAY 500 ML EUROL,2024-11-01,38.0,453.0
ADIT-EURO-LIMP-0002,LIMPIADOR DE FRENOS SPRAY 500 ML EUROL,2024-12-01,50.0,401.0
ADIT-EURO-LIMP-0002,LIMPIADOR DE FRENOS SPRAY 500 ML EUROL,2025-01-01,54.0,347.0
ADIT-EURO-LIMP-0002,LIMPIADOR DE FRENOS SPRAY 500 ML EUROL,2025-02-01,53.0,293.0
ADIT-EURO-LIMP-0002,LIMPIADOR DE FRENOS SPRAY 500 ML EUROL,2025-03-01,61.0,231.0
ADIT-EURO-LIMP-0003,LIQUIDO PENETRANTE ACEITE SPRAY 400 ML EUROL,2025-04-01,1.0,31.0
ADIT-EURO-LIMP-0003,LIQUIDO PENETRANTE ACEITE SPRAY 400 ML EUROL,2025-05-01,1.0,29.0
ADIT-EURO-LIMP-0003,LIQUIDO PENETRANTE ACEITE SPRAY 400 ML EUROL,2025-06-01,0.0,29.0
ADIT-EURO-LIMP-0003,LIQUIDO PENETRANTE ACEITE SPRAY 400 ML EUROL,2024-07-01,0.0,0.0
ADIT-EURO-LIMP-0003,LIQUIDO PENETRANTE ACEITE SPRAY 400 ML EUROL,2024-08-01,0.0,0.0
ADIT-EURO-LIMP-0003,LIQUIDO PENETRANTE ACEITE SPRAY 400 ML EUROL,2024-09-01,0.0,48.0
ADIT-EURO-LIMP-0003,LIQUIDO PENETRANTE ACEITE SPRAY 400 ML EUROL,2024-10-01,3.0,44.0
ADIT-EURO-LIMP-0003,LIQUIDO PENETRANTE ACEITE SPRAY 400 ML EUROL,2024-11-01,2.0,42.0
ADIT-EURO-LIMP-0003,LIQUIDO PENETRANTE ACEITE SPRAY 400 ML EUROL,2024-12-01,0.0,42.0
ADIT-EURO-LIMP-0003,LIQUIDO PENETRANTE ACEITE SPRAY 400 ML EUROL,2025-01-01,0.0,39.0
ADIT-EURO-LIMP-0003,LIQUIDO PENETRANTE ACEITE SPRAY 400 ML EUROL,2025-02-01,2.0,36.0
ADIT-EURO-LIMP-0003,LIQUIDO PENETRANTE ACEITE SPRAY 400 ML EUROL,2025-03-01,2.0,34.0
ADIT-EURO-LIMP-0004,LIMPIADOR DE INYECTORES DIESEL 250 ML EUROL,2025-04-01,7.0,249.0
ADIT-EURO-LIMP-0004,LIMPIADOR DE INYECTORES DIESEL 250 ML EUROL,2025-05-01,9.0,239.0
ADIT-EURO-LIMP-0004,LIMPIADOR DE INYECTORES DIESEL 250 ML EUROL,2025-06-01,0.0,239.0
ADIT-EURO-LIMP-0004,LIMPIADOR DE INYECTORES DIESEL 250 ML EUROL,2024-07-01,0.0,0.0
ADIT-EURO-LIMP-0004,LIMPIADOR DE INYECTORES DIESEL 250 ML EUROL,2024-08-01,0.0,0.0
ADIT-EURO-LIMP-0004,LIMPIADOR DE INYECTORES DIESEL 250 ML EUROL,2024-09-01,0.0,252.0
ADIT-EURO-LIMP-0004,LIMPIADOR DE INYECTORES DIESEL 250 ML EUROL,2024-10-01,0.0,252.0
ADIT-EURO-LIMP-0004,LIMPIADOR DE INYECTORES DIESEL 250 ML EUROL,2024-11-01,0.0,252.0
ADIT-EURO-LIMP-0004,LIMPIADOR DE INYECTORES DIESEL 250 ML EUROL,2024-12-01,0.0,252.0
ADIT-EURO-LIMP-0004,LIMPIADOR DE INYECTORES DIESEL 250 ML EUROL,2025-01-01,0.0,258.0
ADIT-EURO-LIMP-0004,LIMPIADOR DE INYECTORES DIESEL 250 ML EUROL,2025-02-01,0.0,258.0
ADIT-EURO-LIMP-0004,LIMPIADOR DE INYECTORES DIESEL 250 ML EUROL,2025-03-01,0.0,258.0
ADIT-EURO-LIMP-0005,LIMPIADOR DE INYECTORES PETROL GASOLINA 250 ML EUROL,2025-04-01,4.0,234.0
ADIT-EURO-LIMP-0005,LIMPIADOR DE INYECTORES PETROL GASOLINA 250 ML EUROL,2025-05-01,8.0,226.0
ADIT-EURO-LIMP-0005,LIMPIADOR DE INYECTORES PETROL GASOLINA 250 ML EUROL,2025-06-01,0.0,226.0
ADIT-EURO-LIMP-0005,LIMPIADOR DE INYECTORES PETROL GASOLINA 250 ML EUROL,2024-07-01,0.0,0.0
ADIT-EURO-LIMP-0005,LIMPIADOR DE INYECTORES PETROL GASOLINA 250 ML EUROL,2024-08-01,0.0,0.0
ADIT-EURO-LIMP-0005,LIMPIADOR DE INYECTORES PETROL GASOLINA 250 ML EUROL,2024-09-01,0.0,252.0
ADIT-EURO-LIMP-0005,LIMPIADOR DE INYECTORES PETROL GASOLINA 250 ML EUROL,2024-10-01,0.0,252.0
ADIT-EURO-LIMP-0005,LIMPIADOR DE INYECTORES PETROL GASOLINA 250 ML EUROL,2024-11-01,1.0,250.0
ADIT-EURO-LIMP-0005,LIMPIADOR DE INYECTORES PETROL GASOLINA 250 ML EUROL,2024-12-01,3.0,248.0
ADIT-EURO-LIMP-0005,LIMPIADOR DE INYECTORES PETROL GASOLINA 250 ML EUROL,2025-01-01,9.0,239.0
ADIT-EURO-LIMP-0005,LIMPIADOR DE INYECTORES PETROL GASOLINA 250 ML EUROL,2025-02-01,0.0,238.0
ADIT-EURO-LIMP-0005,LIMPIADOR DE INYECTORES PETROL GASOLINA 250 ML EUROL,2025-03-01,0.0,238.0
ADIT-EURO-LIMP-0006,LIMPIADOR DE CONTACTOS SPRAY 400ML EUROL,2025-04-01,0.0,40.0
ADIT-EURO-LIMP-0006,LIMPIADOR DE CONTACTOS SPRAY 400ML EUROL,2025-05-01,1.0,39.0
ADIT-EURO-LIMP-0006,LIMPIADOR DE CONTACTOS SPRAY 400ML EUROL,2025-06-01,0.0,39.0
ADIT-EURO-LIMP-0006,LIMPIADOR DE CONTACTOS SPRAY 400ML EUROL,2024-07-01,0.0,0.0
ADIT-EURO-LIMP-0006,LIMPIADOR DE CONTACTOS SPRAY 400ML EUROL,2024-08-01,0.0,0.0
ADIT-EURO-LIMP-0006,LIMPIADOR DE CONTACTOS SPRAY 400ML EUROL,2024-09-01,0.0,48.0
ADIT-EURO-LIMP-0006,LIMPIADOR DE CONTACTOS SPRAY 400ML EUROL,2024-10-01,0.0,48.0
ADIT-EURO-LIMP-0006,LIMPIADOR DE CONTACTOS SPRAY 400ML EUROL,2024-11-01,2.0,46.0
ADIT-EURO-LIMP-0006,LIMPIADOR DE CONTACTOS SPRAY 400ML EUROL,2024-12-01,2.0,44.0
ADIT-EURO-LIMP-0006,LIMPIADOR DE CONTACTOS SPRAY 400ML EUROL,2025-01-01,2.0,42.0
ADIT-EURO-LIMP-0006,LIMPIADOR DE CONTACTOS SPRAY 400ML EUROL,2025-02-01,1.0,41.0
ADIT-EURO-LIMP-0006,LIMPIADOR DE CONTACTOS SPRAY 400ML EUROL,2025-03-01,0.0,41.0
LIQU-FREN-EIFFEL-0001,LIQUIDO DE FRENOS DOT3 250 ML EIFFEL,2025-04-01,28.0,4736.0
LIQU-FREN-EIFFEL-0001,LIQUIDO DE FRENOS DOT3 250 ML EIFFEL,2025-05-01,549.0,4164.0
LIQU-FREN-EIFFEL-0001,LIQUIDO DE FRENOS DOT3 250 ML EIFFEL,2025-06-01,0.0,4164.0
LIQU-FREN-EIFFEL-0001,LIQUIDO DE FRENOS DOT3 250 ML EIFFEL,2024-07-01,0.0,0.0
LIQU-FREN-EIFFEL-0001,LIQUIDO DE FRENOS DOT3 250 ML EIFFEL,2024-08-01,0.0,0.0
LIQU-FREN-EIFFEL-0001,LIQUIDO DE FRENOS DOT3 250 ML EIFFEL,2024-09-01,0.0,0.0
LIQU-FREN-EIFFEL-0001,LIQUIDO DE FRENOS DOT3 250 ML EIFFEL,2024-10-01,0.0,0.0
LIQU-FREN-EIFFEL-0001,LIQUIDO DE FRENOS DOT3 250 ML EIFFEL,2024-11-01,0.0,0.0
LIQU-FREN-EIFFEL-0001,LIQUIDO DE FRENOS DOT3 250 ML EIFFEL,2024-12-01,0.0,0.0
LIQU-FREN-EIFFEL-0001,LIQUIDO DE FRENOS DOT3 250 ML EIFFEL,2025-01-01,0.0,0.0
LIQU-FREN-EIFFEL-0001,LIQUIDO DE FRENOS DOT3 250 ML EIFFEL,2025-02-01,2.0,4796.0
LIQU-FREN-EIFFEL-0001,LIQUIDO DE FRENOS DOT3 250 ML EIFFEL,2025-03-01,32.0,4764.0
LIQU-FREN-EIFFEL-0002,LIQUIDO DE FRENOS DOT3 500ML EIFFEL,2025-04-01,32.0,2353.0
LIQU-FREN-EIFFEL-0002,LIQUIDO DE FRENOS DOT3 500ML EIFFEL,2025-05-01,146.0,2205.0
LIQU-FREN-EIFFEL-0002,LIQUIDO DE FRENOS DOT3 500ML EIFFEL,2025-06-01,0.0,2205.0
LIQU-FREN-EIFFEL-0002,LIQUIDO DE FRENOS DOT3 500ML EIFFEL,2024-07-01,0.0,0.0
LIQU-FREN-EIFFEL-0002,LIQUIDO DE FRENOS DOT3 500ML EIFFEL,2024-08-01,0.0,0.0
LIQU-FREN-EIFFEL-0002,LIQUIDO DE FRENOS DOT3 500ML EIFFEL,2024-09-01,0.0,0.0
LIQU-FREN-EIFFEL-0002,LIQUIDO DE FRENOS DOT3 500ML EIFFEL,2024-10-01,0.0,0.0
LIQU-FREN-EIFFEL-0002,LIQUIDO DE FRENOS DOT3 500ML EIFFEL,2024-11-01,0.0,0.0
LIQU-FREN-EIFFEL-0002,LIQUIDO DE FRENOS DOT3 500ML EIFFEL,2024-12-01,0.0,0.0
LIQU-FREN-EIFFEL-0002,LIQUIDO DE FRENOS DOT3 500ML EIFFEL,2025-01-01,0.0,0.0
LIQU-FREN-EIFFEL-0002,LIQUIDO DE FRENOS DOT3 500ML EIFFEL,2025-02-01,0.0,2398.0
LIQU-FREN-EIFFEL-0002,LIQUIDO DE FRENOS DOT3 500ML EIFFEL,2025-03-01,13.0,2385.0
LIQU-FREN-EIFIL-0002,LIQUIDO DE FRENOS DOT3 500ML EIFFEL,2025-04-01,0.0,0.0
LIQU-FREN-EIFIL-0002,LIQUIDO DE FRENOS DOT3 500ML EIFFEL,2025-05-01,0.0,0.0
LIQU-FREN-EIFIL-0002,LIQUIDO DE FRENOS DOT3 500ML EIFFEL,2025-06-01,0.0,0.0
LIQU-FREN-EIFIL-0002,LIQUIDO DE FRENOS DOT3 500ML EIFFEL,2024-07-01,0.0,0.0
LIQU-FREN-EIFIL-0002,LIQUIDO DE FRENOS DOT3 500ML EIFFEL,2024-08-01,0.0,0.0
LIQU-FREN-EIFIL-0002,LIQUIDO DE FRENOS DOT3 500ML EIFFEL,2024-09-01,0.0,0.0
LIQU-FREN-EIFIL-0002,LIQUIDO DE FRENOS DOT3 500ML EIFFEL,2024-10-01,0.0,0.0
LIQU-FREN-EIFIL-0002,LIQUIDO DE FRENOS DOT3 500ML EIFFEL,2024-11-01,0.0,0.0
LIQU-FREN-EIFIL-0002,LIQUIDO DE FRENOS DOT3 500ML EIFFEL,2024-12-01,0.0,0.0
LIQU-FREN-EIFIL-0002,LIQUIDO DE FRENOS DOT3 500ML EIFFEL,2025-01-01,0.0,0.0
LIQU-FREN-EIFIL-0002,LIQUIDO DE FRENOS DOT3 500ML EIFFEL,2025-02-01,2.0,0.0
LIQU-FREN-EIFIL-0002,LIQUIDO DE FRENOS DOT3 500ML EIFFEL,2025-03-01,0.0,0.0
LUBR-EIFFEL-GRASA-0001,GRASA N.O PANITA 500 GMS EFFIL,2025-04-01,136.0,1052.0
LUBR-EIFFEL-GRASA-0001,GRASA N.O PANITA 500 GMS EFFIL,2025-05-01,164.0,888.0
LUBR-EIFFEL-GRASA-0001,GRASA N.O PANITA 500 GMS EFFIL,2025-06-01,0.0,888.0
LUBR-EIFFEL-GRASA-0001,GRASA N.O PANITA 500 GMS EFFIL,2024-07-01,0.0,0.0
LUBR-EIFFEL-GRASA-0001,GRASA N.O PANITA 500 GMS EFFIL,2024-08-01,0.0,0.0
LUBR-EIFFEL-GRASA-0001,GRASA N.O PANITA 500 GMS EFFIL,2024-09-01,0.0,0.0
LUBR-EIFFEL-GRASA-0001,GRASA N.O PANITA 500 GMS EFFIL,2024-10-01,0.0,0.0
LUBR-EIFFEL-GRASA-0001,GRASA N.O PANITA 500 GMS EFFIL,2024-11-01,0.0,0.0
LUBR-EIFFEL-GRASA-0001,GRASA N.O PANITA 500 GMS EFFIL,2024-12-01,0.0,0.0
LUBR-EIFFEL-GRASA-0001,GRASA N.O PANITA 500 GMS EFFIL,2025-01-01,0.0,0.0
LUBR-EIFFEL-GRASA-0001,GRASA N.O PANITA 500 GMS EFFIL,2025-02-01,0.0,1200.0
LUBR-EIFFEL-GRASA-0001,GRASA N.O PANITA 500 GMS EFFIL,2025-03-01,12.0,1188.0
LUBR-EIFFEL-GRASA-0002,GRASA N.O  2 CUBETA 18 KGMS  EIFFEL,2025-04-01,2.0,46.0
LUBR-EIFFEL-GRASA-0002,GRASA N.O  2 CUBETA 18 KGMS  EIFFEL,2025-05-01,0.0,46.0
LUBR-EIFFEL-GRASA-0002,GRASA N.O  2 CUBETA 18 KGMS  EIFFEL,2025-06-01,0.0,46.0
LUBR-EIFFEL-GRASA-0002,GRASA N.O  2 CUBETA 18 KGMS  EIFFEL,2024-07-01,0.0,0.0
LUBR-EIFFEL-GRASA-0002,GRASA N.O  2 CUBETA 18 KGMS  EIFFEL,2024-08-01,0.0,0.0
LUBR-EIFFEL-GRASA-0002,GRASA N.O  2 CUBETA 18 KGMS  EIFFEL,2024-09-01,0.0,0.0
LUBR-EIFFEL-GRASA-0002,GRASA N.O  2 CUBETA 18 KGMS  EIFFEL,2024-10-01,0.0,0.0
LUBR-EIFFEL-GRASA-0002,GRASA N.O  2 CUBETA 18 KGMS  EIFFEL,2024-11-01,0.0,0.0
LUBR-EIFFEL-GRASA-0002,GRASA N.O  2 CUBETA 18 KGMS  EIFFEL,2024-12-01,0.0,0.0
LUBR-EIFFEL-GRASA-0002,GRASA N.O  2 CUBETA 18 KGMS  EIFFEL,2025-01-01,0.0,0.0
LUBR-EIFFEL-GRASA-0002,GRASA N.O  2 CUBETA 18 KGMS  EIFFEL,2025-02-01,0.0,48.0
LUBR-EIFFEL-GRASA-0002,GRASA N.O  2 CUBETA 18 KGMS  EIFFEL,2025-03-01,0.0,48.0
LUBR-EUROL-GRASA-0001,GRASA LITHIUM UNIVERSAL EP2 400 GR EUROL,2025-04-01,16.0,278.0
LUBR-EUROL-GRASA-0001,GRASA LITHIUM UNIVERSAL EP2 400 GR EUROL,2025-05-01,2.0,276.0
LUBR-EUROL-GRASA-0001,GRASA LITHIUM UNIVERSAL EP2 400 GR EUROL,2025-06-01,0.0,276.0
LUBR-EUROL-GRASA-0001,GRASA LITHIUM UNIVERSAL EP2 400 GR EUROL,2024-07-01,0.0,0.0
LUBR-EUROL-GRASA-0001,GRASA LITHIUM UNIVERSAL EP2 400 GR EUROL,2024-08-01,0.0,0.0
LUBR-EUROL-GRASA-0001,GRASA LITHIUM UNIVERSAL EP2 400 GR EUROL,2024-09-01,0.0,336.0
LUBR-EUROL-GRASA-0001,GRASA LITHIUM UNIVERSAL EP2 400 GR EUROL,2024-10-01,1.0,335.0
LUBR-EUROL-GRASA-0001,GRASA LITHIUM UNIVERSAL EP2 400 GR EUROL,2024-11-01,6.0,329.0
LUBR-EUROL-GRASA-0001,GRASA LITHIUM UNIVERSAL EP2 400 GR EUROL,2024-12-01,10.0,319.0
LUBR-EUROL-GRASA-0001,GRASA LITHIUM UNIVERSAL EP2 400 GR EUROL,2025-01-01,7.0,312.0
LUBR-EUROL-GRASA-0001,GRASA LITHIUM UNIVERSAL EP2 400 GR EUROL,2025-02-01,1.0,310.0
LUBR-EUROL-GRASA-0001,GRASA LITHIUM UNIVERSAL EP2 400 GR EUROL,2025-03-01,15.0,295.0
